id,title,handle,sku,variant_title,price,compare_at_price,available,variant_created_at,variant_updated_at,product_created_at,product_updated_at,tags,image
9263313223928,【V.W.P】「現象Ⅲ-神椿市探訪中-」Blu-ray／SINKA LIVE SERIES EP.Ⅵ V.W.P 3rd ONE-MAN LIVE「現象Ⅲ-神椿市探訪中-」Blu-ray,ktr-100-0222,KTR-100-0222,Default Title,11999,11999,True,2025-10-22T12:54:03+09:00,2026-08-30T14:28:40+09:00,2025-10-22T12:54:03+09:00,2026-08-30T14:28:40+09:00,"fy-19, V.W.P",https://cdn.shopify.com/s/files/1/0551/7692/1261/files/sinkalive_kv__pattern1_4_cb2b501f-aaa3-48e1-8a94-41b399302158.jpg?v=1761724283
9411796467960,【V.W.P】ピグメントスウェット／4th ONE-MAN LIVE「現象Ⅳ -反転運命-」OFFICIAL GOODS 第二弾,vwp-300-0462,VWP-300-0462,L,9900,9900,True,2026-02-19T20:49:14+09:00,2026-08-30T14:28:40+09:00,2026-02-19T20:47:33+09:00,2026-08-30T14:28:40+09:00,"fy-19, V.W.P",https://cdn.shopify.com/s/files/1/0551/7692/1261/files/1_e586903f-c6eb-4b83-a9c1-66b8126a64a9.jpg?v=1771644918
9411796467960,【V.W.P】ピグメントスウェット／4th ONE-MAN LIVE「現象Ⅳ -反転運命-」OFFICIAL GOODS 第二弾,vwp-300-0462,VWP-300-0463,XL,9900,9900,True,2026-02-19T20:49:14+09:00,2026-08-30T14:28:40+09:00,2026-02-19T20:47:33+09:00,2026-08-30T14:28:40+09:00,"fy-19, V.W.P",https://cdn.shopify.com/s/files/1/0551/7692/1261/files/1_e586903f-c6eb-4b83-a9c1-66b8126a64a9.jpg?v=1771644918
9265839603960,【V.W.P】 V.W.P BLACK DENIM PANTS 花譜 model／4th ONE-MAN LIVE「現象Ⅳ -反転運命-」OFFICIAL GOODS 第二弾,vwp-300-0380,VWP-300-0380,M,15000,15000,True,2025-10-24T13:12:42+09:00,2026-08-30T14:28:40+09:00,2025-10-24T13:10:20+09:00,2026-08-30T14:28:40+09:00,"fy-19, V.W.P",https://cdn.shopify.com/s/files/1/0551/7692/1261/files/41ed01721245a047283cb9e678388be7.jpg?v=1761695349
9265839603960,【V.W.P】 V.W.P BLACK DENIM PANTS 花譜 model／4th ONE-MAN LIVE「現象Ⅳ -反転運命-」OFFICIAL GOODS 第二弾,vwp-300-0380,VWP-300-0381,L,15000,15000,False,2025-10-24T13:12:42+09:00,2026-08-30T14:28:40+09:00,2025-10-24T13:10:20+09:00,2026-08-30T14:28:40+09:00,"fy-19, V.W.P",https://cdn.shopify.com/s/files/1/0551/7692/1261/files/41ed01721245a047283cb9e678388be7.jpg?v=1761695349
9265839603960,【V.W.P】 V.W.P BLACK DENIM PANTS 花譜 model／4th ONE-MAN LIVE「現象Ⅳ -反転運命-」OFFICIAL GOODS 第二弾,vwp-300-0380,VWP-300-0382,XL,15000,15000,False,2025-10-24T13:12:42+09:00,2026-08-30T14:28:40+09:00,2025-10-24T13:10:20+09:00,2026-08-30T14:28:40+09:00,"fy-19, V.W.P",https://cdn.shopify.com/s/files/1/0551/7692/1261/files/41ed01721245a047283cb9e678388be7.jpg?v=1761695349
9265841144056,【V.W.P】V.W.P BLACK DENIM PANTS 理芽 model／4th ONE-MAN LIVE「現象Ⅳ -反転運命-」OFFICIAL GOODS 第二弾,vwp-300-0383,VWP-300-0383,M,15000,15000,False,2025-10-24T13:15:36+09:00,2026-08-30T14:28:40+09:00,2025-10-24T13:15:36+09:00,2026-08-30T14:28:40+09:00,"fy-19, V.W.P",https://cdn.shopify.com/s/files/1/0551/7692/1261/files/b74b8580bd1ec6e24fbfb7246d026957.jpg?v=1761695043
9265841144056,【V.W.P】V.W.P BLACK DENIM PANTS 理芽 model／4th ONE-MAN LIVE「現象Ⅳ -反転運命-」OFFICIAL GOODS 第二弾,vwp-300-0383,VWP-300-0384,L,15000,15000,False,2025-10-24T13:15:36+09:00,2026-08-30T14:28:40+09:00,2025-10-24T13:15:36+09:00,2026-08-30T14:28:40+09:00,"fy-19, V.W.P",https://cdn.shopify.com/s/files/1/0551/7692/1261/files/b74b8580bd1ec6e24fbfb7246d026957.jpg?v=1761695043
9265841144056,【V.W.P】V.W.P BLACK DENIM PANTS 理芽 model／4th ONE-MAN LIVE「現象Ⅳ -反転運命-」OFFICIAL GOODS 第二弾,vwp-300-0383,VWP-300-0385,XL,15000,15000,True,2025-10-24T13:15:36+09:00,2026-08-30T14:28:40+09:00,2025-10-24T13:15:36+09:00,2026-08-30T14:28:40+09:00,"fy-19, V.W.P",https://cdn.shopify.com/s/files/1/0551/7692/1261/files/b74b8580bd1ec6e24fbfb7246d026957.jpg?v=1761695043
9265843994872,【V.W.P】V.W.P BLACK DENIM PANTS 幸祜 model／4th ONE-MAN LIVE「現象Ⅳ -反転運命-」OFFICIAL GOODS 第二弾,vwp-300-0392,VWP-300-0392,M,15000,15000,True,2025-10-24T13:23:08+09:00,2026-08-30T14:28:40+09:00,2025-10-24T13:23:08+09:00,2026-08-30T14:28:40+09:00,"fy-19, V.W.P",https://cdn.shopify.com/s/files/1/0551/7692/1261/files/KOKO_7e075286-9be2-48a4-9d46-af0ce5775399.jpg?v=1761694584
9265843994872,【V.W.P】V.W.P BLACK DENIM PANTS 幸祜 model／4th ONE-MAN LIVE「現象Ⅳ -反転運命-」OFFICIAL GOODS 第二弾,vwp-300-0392,VWP-300-0393,L,15000,15000,False,2025-10-24T13:23:08+09:00,2026-08-30T14:28:40+09:00,2025-10-24T13:23:08+09:00,2026-08-30T14:28:40+09:00,"fy-19, V.W.P",https://cdn.shopify.com/s/files/1/0551/7692/1261/files/KOKO_7e075286-9be2-48a4-9d46-af0ce5775399.jpg?v=1761694584
9265843994872,【V.W.P】V.W.P BLACK DENIM PANTS 幸祜 model／4th ONE-MAN LIVE「現象Ⅳ -反転運命-」OFFICIAL GOODS 第二弾,vwp-300-0392,VWP-300-0394,XL,15000,15000,False,2025-10-24T13:23:08+09:00,2026-08-30T14:28:40+09:00,2025-10-24T13:23:08+09:00,2026-08-30T14:28:40+09:00,"fy-19, V.W.P",https://cdn.shopify.com/s/files/1/0551/7692/1261/files/KOKO_7e075286-9be2-48a4-9d46-af0ce5775399.jpg?v=1761694584
9265186963704,【V.W.P】反転パーカー 春猿火 model／4th ONE-MAN LIVE「現象Ⅳ -反転運命-」OFFICIAL GOODS 第二弾,vwp-300-0399,VWP-300-0399,L,11000,11000,False,2025-10-23T18:51:02+09:00,2026-08-30T14:28:40+09:00,2025-10-23T18:51:02+09:00,2026-08-30T14:28:40+09:00,"fy-19, V.W.P",https://cdn.shopify.com/s/files/1/0551/7692/1261/files/d0fb8f1a9c9570addc87d3ed0954452a.jpg?v=1761565581
9265186963704,【V.W.P】反転パーカー 春猿火 model／4th ONE-MAN LIVE「現象Ⅳ -反転運命-」OFFICIAL GOODS 第二弾,vwp-300-0399,VWP-300-0400,XL,11000,11000,True,2025-10-23T18:51:02+09:00,2026-08-30T14:28:40+09:00,2025-10-23T18:51:02+09:00,2026-08-30T14:28:40+09:00,"fy-19, V.W.P",https://cdn.shopify.com/s/files/1/0551/7692/1261/files/d0fb8f1a9c9570addc87d3ed0954452a.jpg?v=1761565581
9265199382776,【V.W.P】LOGO TAPE TEE／4th ONE-MAN LIVE「現象Ⅳ -反転運命-」OFFICIAL GOODS 第二弾,vwp-300-0405,VWP-300-0405,L,6500,6500,True,2025-10-23T19:28:39+09:00,2026-08-30T14:28:40+09:00,2025-10-23T19:28:39+09:00,2026-08-30T14:28:40+09:00,"fy-19, V.W.P",https://cdn.shopify.com/s/files/1/0551/7692/1261/files/vwp_SStee_1_ac5a83f2-bb9b-44b3-9c96-7413e6b0c7b5.jpg?v=1761563194
9265199382776,【V.W.P】LOGO TAPE TEE／4th ONE-MAN LIVE「現象Ⅳ -反転運命-」OFFICIAL GOODS 第二弾,vwp-300-0405,VWP-300-0406,XL,6500,6500,True,2025-10-23T19:28:39+09:00,2026-08-30T14:28:40+09:00,2025-10-23T19:28:39+09:00,2026-08-30T14:28:40+09:00,"fy-19, V.W.P",https://cdn.shopify.com/s/files/1/0551/7692/1261/files/vwp_SStee_1_ac5a83f2-bb9b-44b3-9c96-7413e6b0c7b5.jpg?v=1761563194
9265200627960,【V.W.P】LOGO TAPE L/S TEE／4th ONE-MAN LIVE「現象Ⅳ -反転運命-」OFFICIAL GOODS 第二弾,vwp-300-0407,VWP-300-0407,L,8500,8500,True,2025-10-23T19:33:39+09:00,2026-08-30T14:28:40+09:00,2025-10-23T19:33:39+09:00,2026-08-30T14:28:40+09:00,"fy-19, V.W.P",https://cdn.shopify.com/s/files/1/0551/7692/1261/files/vwp_LS_tee_1_93106bde-fe0e-440e-8979-dc4f21c3da46.jpg?v=1761563116
9265200627960,【V.W.P】LOGO TAPE L/S TEE／4th ONE-MAN LIVE「現象Ⅳ -反転運命-」OFFICIAL GOODS 第二弾,vwp-300-0407,VWP-300-0408,XL,8500,8500,True,2025-10-23T19:33:39+09:00,2026-08-30T14:28:40+09:00,2025-10-23T19:33:39+09:00,2026-08-30T14:28:40+09:00,"fy-19, V.W.P",https://cdn.shopify.com/s/files/1/0551/7692/1261/files/vwp_LS_tee_1_93106bde-fe0e-440e-8979-dc4f21c3da46.jpg?v=1761563116
9172361117944,【V.W.P】おすわりボールチェーンマスコットセット KAMITSUBAKI FILM CONCERT「神椿演奏会／想像」 ver.／THINKR XR CLASSICS presents KAMITSUBAKI FILM CONCERT「神椿演奏会／想像」第二弾,vwp-300-0327,VWP-300-0327,Default Title,17000,17000,True,2025-08-11T10:26:14+09:00,2026-08-30T14:28:40+09:00,2025-08-11T10:26:13+09:00,2026-08-30T14:28:40+09:00,"fy-19, V.W.P",https://cdn.shopify.com/s/files/1/0551/7692/1261/files/1bb529e405fa6f1fe6ac662957918610.jpg?v=1754970199
9167648817400,【V.W.P】ランダムミニキャラクリップ（全5種）／THINKR XR CLASSICS presents KAMITSUBAKI FILM CONCERT「神椿演奏会／想像」第二弾,vwp-300-0325,VWP-300-0325,Default Title,900,900,True,2025-08-06T15:47:04+09:00,2026-08-30T14:28:40+09:00,2025-08-06T15:47:04+09:00,2026-08-30T14:28:40+09:00,"fy-19, V.W.P",https://cdn.shopify.com/s/files/1/0551/7692/1261/files/clip.jpg?v=1754897614
9266511544568,【V.W.P】インスタントフォト風トレカセット（全5種）／THINKR XR CLASSICS presents KAMITSUBAKI FILM CONCERT「神椿演奏会／想像」2026 WINTER,vwp-300-0429,VWP-300-0429,Default Title,2500,2500,True,2025-10-24T20:51:52+09:00,2026-08-30T14:28:40+09:00,2025-10-24T20:51:52+09:00,2026-08-30T14:28:40+09:00,"fy-19, V.W.P",https://cdn.shopify.com/s/files/1/0551/7692/1261/files/cheki_6c511663-bff3-4bd5-9e1b-3ea164feefd6.jpg?v=1762180498
9063060930808,【V.W.P】ランダムキャラクターカラビナ（全5種）／THINKR XR CLASSICS presents KAMITSUBAKI FILM CONCERT「神椿演奏会／想像」,vwp-300-0314,VWP-300-0314,Default Title,1200,1200,True,2025-05-08T16:13:06+09:00,2026-08-30T14:28:40+09:00,2025-05-08T16:13:06+09:00,2026-08-30T14:28:40+09:00,"fy-19, V.W.P",https://cdn.shopify.com/s/files/1/0551/7692/1261/files/a926b6ba49322044335ae8a2ac298b6b.jpg?v=1747385791
9167647080696,【V.W.P】クリアファイルセット（2種）／THINKR XR CLASSICS presents KAMITSUBAKI FILM CONCERT「神椿演奏会／想像」第二弾,vwp-300-0324,VWP-300-0324,Default Title,1200,1200,True,2025-08-06T15:44:13+09:00,2026-08-30T14:28:40+09:00,2025-08-06T15:44:13+09:00,2026-08-30T14:28:40+09:00,"fy-19, V.W.P",https://cdn.shopify.com/s/files/1/0551/7692/1261/files/file_173e35cc-7938-4a81-b21f-dfd44dfb2c7b.jpg?v=1754898459
9167650521336,【V.W.P】オルゴール「飛翔」Classic ver.／THINKR XR CLASSICS presents KAMITSUBAKI FILM CONCERT「神椿演奏会／想像」第二弾,vwp-300-0326,VWP-300-0326,Default Title,8800,8800,True,2025-08-06T15:50:18+09:00,2026-08-30T14:28:40+09:00,2025-08-06T15:50:18+09:00,2026-08-30T14:28:40+09:00,"fy-19, V.W.P",https://cdn.shopify.com/s/files/1/0551/7692/1261/files/orgel_73de600b-37df-418e-b68a-9867df47503a.jpg?v=1754897587
8889370444024,【V.W.P】セットC105 V.W.P／コミックマーケット105出展記念グッズ,vwp-300-0251,VWP-300-0251,Default Title,13000,13000,True,2024-12-23T12:03:22+09:00,2026-08-30T14:28:40+09:00,2024-12-23T12:03:22+09:00,2026-08-30T14:28:40+09:00,"fy-19, V.W.P",https://cdn.shopify.com/s/files/1/0551/7692/1261/files/vwp_fe8c35e1-a98d-429a-9e54-04a5d4a79822.jpg?v=1735091966
8889374802168,【V.W.P】ロングスリーブTシャツ V.W.P／コミックマーケット105出展記念グッズ,vwp-300-0252,VWP-300-0252,M,7500,7500,True,2024-12-23T12:49:07+09:00,2026-08-30T14:28:40+09:00,2024-12-23T12:46:52+09:00,2026-08-30T14:28:40+09:00,"fy-19, V.W.P",https://cdn.shopify.com/s/files/1/0551/7692/1261/files/vwplstee.jpg?v=1735023080
8889374802168,【V.W.P】ロングスリーブTシャツ V.W.P／コミックマーケット105出展記念グッズ,vwp-300-0252,VWP-300-0253,L,7500,7500,False,2024-12-23T12:49:07+09:00,2026-08-30T14:28:40+09:00,2024-12-23T12:46:52+09:00,2026-08-30T14:28:40+09:00,"fy-19, V.W.P",https://cdn.shopify.com/s/files/1/0551/7692/1261/files/vwplstee.jpg?v=1735023080
8889374802168,【V.W.P】ロングスリーブTシャツ V.W.P／コミックマーケット105出展記念グッズ,vwp-300-0252,VWP-300-0254,XL,7500,7500,False,2024-12-23T12:49:07+09:00,2026-08-30T14:28:40+09:00,2024-12-23T12:46:52+09:00,2026-08-30T14:28:40+09:00,"fy-19, V.W.P",https://cdn.shopify.com/s/files/1/0551/7692/1261/files/vwplstee.jpg?v=1735023080
9238543532280,【V.W.P】「反転」（通常盤）／3rd ALBUM「反転」,ktr-000-0215,KTR-000-0215,Default Title,5500,5500,True,2025-10-01T15:53:43+09:00,2026-08-30T14:28:40+09:00,2025-10-01T15:53:43+09:00,2026-08-30T14:28:40+09:00,"3rd ONE-MAN LIVE「PLAYER Ⅲ」OFFICIAL GOODS 第二弾, fy-19, V.W.P",https://cdn.shopify.com/s/files/1/0551/7692/1261/files/normaljkt.jpg?v=1759460859
9238554542328,【V.W.P】「反転」（type：KAF）（初回限定盤）／3rd ALBUM「反転」,ktr-000-0216,KTR-000-0216,Default Title,9350,9350,True,2025-10-01T16:04:23+09:00,2026-08-30T14:28:40+09:00,2025-10-01T16:04:23+09:00,2026-08-30T14:28:40+09:00,"fy-19, V.W.P",https://cdn.shopify.com/s/files/1/0551/7692/1261/files/jkt2_59eb070e-18d8-4c17-8c22-a3cfb3246d01.jpg?v=1759463203
9238568075512,【V.W.P】「反転」（type：ISEKAIJOUCHO）（初回限定盤）／3rd ALBUM「反転」,ktr-000-0220,KTR-000-0220,Default Title,9350,9350,True,2025-10-01T16:13:02+09:00,2026-08-30T14:28:40+09:00,2025-10-01T16:13:01+09:00,2026-08-30T14:28:40+09:00,"fy-19, V.W.P",https://cdn.shopify.com/s/files/1/0551/7692/1261/files/jkt_825fae57-cda6-4388-b589-d83c890a9b42.jpg?v=1759463127
8991144706296,【V.W.P】ランダムインスタントフォト風トレカ／SINKA LIVE SERIES EP.Ⅵ V.W.P 3rd ONE-MAN LIVE「現象Ⅲ-神椿市探訪中-」第二弾,vwp-300-0292,VWP-300-0292,Default Title,700,700,True,2025-03-12T13:21:43+09:00,2026-08-30T14:28:40+09:00,2025-03-12T13:21:43+09:00,2026-08-30T14:28:40+09:00,"fy-19, V.W.P",https://cdn.shopify.com/s/files/1/0551/7692/1261/files/chekiall.jpg?v=1742534805
8991147163896,【V.W.P】インスタントフォト風ホルダー／SINKA LIVE SERIES EP.Ⅵ V.W.P 3rd ONE-MAN LIVE「現象Ⅲ-神椿市探訪中-」第二弾,vwp-300-0293,VWP-300-0293,Default Title,1800,1800,True,2025-03-12T13:24:22+09:00,2026-08-30T14:28:40+09:00,2025-03-12T13:24:22+09:00,2026-08-30T14:28:40+09:00,"fy-19, V.W.P",https://cdn.shopify.com/s/files/1/0551/7692/1261/files/chekikey_a9d158f4-b783-4053-9e9d-0816b8baa53b.jpg?v=1742456662
8804559323384,【V.W.P】Table Clock／2nd ONE-MAN LIVE「現象Ⅱ（再）-魔女拡成-」第二弾,vwp-300-0241,VWP-300-0241,Default Title,6000,6000,True,2024-10-25T19:30:24+09:00,2026-08-30T14:28:40+09:00,2024-10-25T19:30:24+09:00,2026-08-30T14:28:40+09:00,"fy-18, V.W.P",https://cdn.shopify.com/s/files/1/0551/7692/1261/files/clock_d525f3ce-d23c-4c18-8ef7-66578698ed6b.jpg?v=1730250916
9276522987768,【V.W.P】ペナント V.W.P／KAMITSUBAKI FES ’25 OUR ONE-DAY WAR 第二弾,vwp-300-0328,VWP-300-0328,Default Title,1500,1500,True,2025-10-30T14:26:19+09:00,2026-08-30T14:28:40+09:00,2025-10-30T14:26:19+09:00,2026-08-30T14:28:40+09:00,"fy-19, V.W.P",https://cdn.shopify.com/s/files/1/0551/7692/1261/files/vwp_91366238-505c-43a0-8d4f-00272c9fd350.jpg?v=1761874279
9196809355512,【神椿市建設中。】「仮想都市録」／TVアニメ「神椿市建設中。」楽曲集「仮想都市録」,ktr-000-0210,KTR-000-0210,Default Title,16500,16500,True,2025-09-03T21:35:49+09:00,2026-08-30T14:28:40+09:00,2025-09-03T21:35:49+09:00,2026-08-30T14:28:40+09:00,"fy-19, V.W.P, 神椿市建設中。",https://cdn.shopify.com/s/files/1/0551/7692/1261/files/CD_1856694d-0393-45b6-a52a-7c571d4037e8.jpg?v=1757466371
8773878382840,【V.W.P】「現象Ⅱ＆現象Ⅱ（再）」Blu-ray Special Box／神椿代々木戦線&幕張戦線「現象Ⅱ＆現象Ⅱ（再）」「怪歌＆怪歌（再）」Blu-ray,ktr-100-0183,KTR-100-0183,Default Title,27500,27500,True,2024-10-04T17:11:30+09:00,2026-08-30T14:28:40+09:00,2024-10-04T17:11:30+09:00,2026-08-30T14:28:40+09:00,"fy-18, V.W.P",https://cdn.shopify.com/s/files/1/0551/7692/1261/files/special_6c786b89-85ba-4ed0-9eb8-20a148cc8c41.jpg?v=1731922356
8840072757496,【V.W.P】「現象Ⅱ（再）」Blu-ray／神椿代々木戦線&幕張戦線「現象Ⅱ＆現象Ⅱ（再）」「怪歌＆怪歌（再）」Blu-ray,ktr-100-0185,KTR-100-0185,Default Title,10000,10000,True,2024-11-18T15:45:48+09:00,2026-08-30T14:28:40+09:00,2024-11-18T15:45:48+09:00,2026-08-30T14:28:40+09:00,"fy-18, V.W.P",https://cdn.shopify.com/s/files/1/0551/7692/1261/files/2sai.jpg?v=1731922476
8654285734136,【V.W.P】「現象Ⅱ（再）-魔女拡成-」ライブパンフレット／2nd ONE-MAN LIVE「現象Ⅱ（再）-魔女拡成-」第二弾,vwp-300-0234,VWP-300-0234,Default Title,3500,3500,True,2024-07-24T23:23:07+09:00,2026-08-30T14:28:40+09:00,2024-07-24T23:23:06+09:00,2026-08-30T14:28:40+09:00,"fy-18, V.W.P",https://cdn.shopify.com/s/files/1/0551/7692/1261/files/pamphlet_8ee95ca6-0fc1-43c3-9a42-2873949fd29f.jpg?v=1721891241
8307232407800,【V.W.P】「覚醒」SPECIAL BOX（通常盤）／V.W.P 2nd ALBUM「覚醒」＆ 花譜 3rd Remix ALBUM「狂想γ」,ktr-000-0142,KTR-000-0142,Default Title,20000,20000,True,2024-03-13T15:21:36+09:00,2026-08-30T14:28:40+09:00,2024-03-13T15:21:36+09:00,2026-08-30T14:28:40+09:00,"fy-17, V.W.P",https://cdn.shopify.com/s/files/1/0551/7692/1261/files/sp_box.jpg?v=1711542187
8036496244984,【V.W.P】「運命」SPECIAL BOX（通常盤）／1st ALBUM「運命」,ktr-000-0108,KTR-000-0108,Default Title,20000,20000,True,2023-08-13T10:59:23+09:00,2026-08-30T14:28:40+09:00,2023-08-13T10:59:23+09:00,2026-08-30T14:28:40+09:00,"fy-17, V.W.P",https://cdn.shopify.com/s/files/1/0551/7692/1261/files/7d8d6404b567d9875b0a89bc4b1b3ee6_ec9c64bf-5e37-4423-bbbe-c4e8cdf7dfed.jpg?v=1691891976
8999559823608,【V.W.P】「魔女ぷらす2」／2nd EP「魔女ぷらす2」,ktr-000-0196,KTR-000-0196,Default Title,5000,5000,True,2025-03-19T13:15:59+09:00,2026-08-30T14:28:40+09:00,2025-03-19T13:15:59+09:00,2026-08-30T14:28:40+09:00,"fy-19, V.W.P",https://cdn.shopify.com/s/files/1/0551/7692/1261/files/jkt_45c41e6d-a911-468b-b8b5-d03629ca8b8a.jpg?v=1742534089
8791921590520,【V.W.P】「魔女ぷらす」／1st EP「魔女ぷらす」,vwp-000-0247,VWP-000-0247,Default Title,5000,5000,True,2024-10-16T13:26:33+09:00,2026-08-30T14:28:40+09:00,2024-10-16T13:26:33+09:00,2026-08-30T14:28:40+09:00,"fy-18, V.W.P",https://cdn.shopify.com/s/files/1/0551/7692/1261/files/jacket.jpg?v=1729650105
8908509348088,【V.W.P】ワッペン&デコレーションバッグセット 春猿火／SINKA LIVE SERIES EP. Ⅵ V.W.P 3rd ONE-MAN LIVE「現象Ⅲ-神椿市探訪中-」,vwp-300-0260,VWP-300-0260,Default Title,5000,5000,True,2025-01-09T12:47:26+09:00,2026-08-30T14:28:40+09:00,2025-01-09T12:47:26+09:00,2026-08-30T14:28:40+09:00,"fy-18, V.W.P",https://cdn.shopify.com/s/files/1/0551/7692/1261/files/totehar2.jpg?v=1737009713
8908531761400,【V.W.P】サウンドシリコンブレスレット／SINKA LIVE SERIES EP. Ⅵ V.W.P 3rd ONE-MAN LIVE「現象Ⅲ-神椿市探訪中-」,vwp-300-0268,VWP-300-0268,Default Title,2000,2000,True,2025-01-09T13:47:16+09:00,2026-08-30T14:28:40+09:00,2025-01-09T13:47:16+09:00,2026-08-30T14:28:40+09:00,"fy-18, V.W.P",https://cdn.shopify.com/s/files/1/0551/7692/1261/files/AKM_2282ok.jpg?v=1737513704
8908535365880,【V.W.P】4コマランダムマグネットシート（40種）／SINKA LIVE SERIES EP. Ⅵ V.W.P 3rd ONE-MAN LIVE「現象Ⅲ-神椿市探訪中-」,vwp-300-0274,VWP-300-0274,Default Title,800,800,True,2025-01-09T13:58:08+09:00,2026-08-30T14:28:40+09:00,2025-01-09T13:58:08+09:00,2026-08-30T14:28:40+09:00,"fy-18, V.W.P",https://cdn.shopify.com/s/files/1/0551/7692/1261/files/magnetrandom.jpg?v=1736664864
8908536774904,【V.W.P】4コマランダムマグネットシート 1-5話コンプリートセット／SINKA LIVE SERIES EP. Ⅵ V.W.P 3rd ONE-MAN LIVE「現象Ⅲ-神椿市探訪中-」,vwp-300-0275,VWP-300-0275,Default Title,15000,15000,True,2025-01-09T14:02:33+09:00,2026-08-30T14:28:40+09:00,2025-01-09T14:02:33+09:00,2026-08-30T14:28:40+09:00,"fy-18, V.W.P",https://cdn.shopify.com/s/files/1/0551/7692/1261/files/magnet1-5.jpg?v=1736664852
8908537430264,【V.W.P】4コマランダムマグネットシート 6-10話コンプリートセット／SINKA LIVE SERIES EP. Ⅵ V.W.P 3rd ONE-MAN LIVE「現象Ⅲ-神椿市探訪中-」,vwp-300-0276,VWP-300-0276,Default Title,15000,15000,True,2025-01-09T14:04:33+09:00,2026-08-30T14:28:40+09:00,2025-01-09T14:04:33+09:00,2026-08-30T14:28:40+09:00,"fy-18, V.W.P",https://cdn.shopify.com/s/files/1/0551/7692/1261/files/magnet6-10.jpg?v=1736664842
8804542316792,【V.W.P】イラストランダム缶バッジ／2nd ONE-MAN LIVE「現象Ⅱ（再）-魔女拡成-」第二弾,vwp-300-0239,VWP-300-0239,Default Title,500,500,True,2024-10-25T19:21:11+09:00,2026-08-30T14:28:40+09:00,2024-10-25T19:21:10+09:00,2026-08-30T14:28:40+09:00,"fy-18, V.W.P",https://cdn.shopify.com/s/files/1/0551/7692/1261/files/badge_133e6605-71ed-40d0-b484-3d6d76829fc9.jpg?v=1730250966
8654288224504,【V.W.P】「The Bonds of Witches」5連リング／2nd ONE-MAN LIVE「現象Ⅱ（再）-魔女拡成-」第二弾,vwp-300-0235,VWP-300-0235,S（13号前後）,45000,45000,True,2024-07-24T23:32:00+09:00,2026-08-30T14:28:40+09:00,2024-07-24T23:29:19+09:00,2026-08-30T14:28:40+09:00,"fy-18, V.W.P",https://cdn.shopify.com/s/files/1/0551/7692/1261/files/ring_e9f64ce8-38da-4ab8-b6e8-8342a4559ebc.jpg?v=1722221373
8654288224504,【V.W.P】「The Bonds of Witches」5連リング／2nd ONE-MAN LIVE「現象Ⅱ（再）-魔女拡成-」第二弾,vwp-300-0235,VWP-300-0236,L（15号前後）,45000,45000,True,2024-07-24T23:32:00+09:00,2026-08-30T14:28:40+09:00,2024-07-24T23:29:19+09:00,2026-08-30T14:28:40+09:00,"fy-18, V.W.P",https://cdn.shopify.com/s/files/1/0551/7692/1261/files/ring_e9f64ce8-38da-4ab8-b6e8-8342a4559ebc.jpg?v=1722221373
8654289404152,【V.W.P】キービジュアルTシャツ 花譜／2nd ONE-MAN LIVE「現象Ⅱ（再）-魔女拡成-」第二弾,vwp-300-0194,VWP-300-0194,M,6000,6000,True,2024-07-24T23:38:35+09:00,2026-08-30T14:28:40+09:00,2024-07-24T23:35:31+09:00,2026-08-30T14:28:40+09:00,"fy-18, V.W.P",https://cdn.shopify.com/s/files/1/0551/7692/1261/files/teekaf1.jpg?v=1722471485
8654289404152,【V.W.P】キービジュアルTシャツ 花譜／2nd ONE-MAN LIVE「現象Ⅱ（再）-魔女拡成-」第二弾,vwp-300-0194,VWP-300-0195,L,6000,6000,True,2024-07-24T23:38:35+09:00,2026-08-30T14:28:40+09:00,2024-07-24T23:35:31+09:00,2026-08-30T14:28:40+09:00,"fy-18, V.W.P",https://cdn.shopify.com/s/files/1/0551/7692/1261/files/teekaf1.jpg?v=1722471485
8654289404152,【V.W.P】キービジュアルTシャツ 花譜／2nd ONE-MAN LIVE「現象Ⅱ（再）-魔女拡成-」第二弾,vwp-300-0194,VWP-300-0196,XL,6000,6000,True,2024-07-24T23:38:35+09:00,2026-08-30T14:28:40+09:00,2024-07-24T23:35:31+09:00,2026-08-30T14:28:40+09:00,"fy-18, V.W.P",https://cdn.shopify.com/s/files/1/0551/7692/1261/files/teekaf1.jpg?v=1722471485
8654414217464,【V.W.P】キービジュアルTシャツ 理芽／2nd ONE-MAN LIVE「現象Ⅱ（再）-魔女拡成-」第二弾,vwp-300-0197,VWP-300-0197,M,6000,6000,True,2024-07-25T05:32:01+09:00,2026-08-30T14:28:40+09:00,2024-07-25T05:32:01+09:00,2026-08-30T14:28:40+09:00,"fy-18, V.W.P",https://cdn.shopify.com/s/files/1/0551/7692/1261/files/teerim.jpg?v=1721892006
8654414217464,【V.W.P】キービジュアルTシャツ 理芽／2nd ONE-MAN LIVE「現象Ⅱ（再）-魔女拡成-」第二弾,vwp-300-0197,VWP-300-0198,L,6000,6000,True,2024-07-25T05:32:01+09:00,2026-08-30T14:28:40+09:00,2024-07-25T05:32:01+09:00,2026-08-30T14:28:40+09:00,"fy-18, V.W.P",https://cdn.shopify.com/s/files/1/0551/7692/1261/files/teerim.jpg?v=1721892006
8654414217464,【V.W.P】キービジュアルTシャツ 理芽／2nd ONE-MAN LIVE「現象Ⅱ（再）-魔女拡成-」第二弾,vwp-300-0197,VWP-300-0199,XL,6000,6000,True,2024-07-25T05:32:01+09:00,2026-08-30T14:28:40+09:00,2024-07-25T05:32:01+09:00,2026-08-30T14:28:40+09:00,"fy-18, V.W.P",https://cdn.shopify.com/s/files/1/0551/7692/1261/files/teerim.jpg?v=1721892006
8654415069432,【V.W.P】キービジュアルTシャツ 春猿火／2nd ONE-MAN LIVE「現象Ⅱ（再）-魔女拡成-」第二弾,vwp-300-0200,VWP-300-0200,M,6000,6000,True,2024-07-25T05:35:01+09:00,2026-08-30T14:28:40+09:00,2024-07-25T05:35:01+09:00,2026-08-30T14:28:40+09:00,"fy-18, V.W.P",https://cdn.shopify.com/s/files/1/0551/7692/1261/files/teeharu1.jpg?v=1722471394
8654415069432,【V.W.P】キービジュアルTシャツ 春猿火／2nd ONE-MAN LIVE「現象Ⅱ（再）-魔女拡成-」第二弾,vwp-300-0200,VWP-300-0201,L,6000,6000,True,2024-07-25T05:35:01+09:00,2026-08-30T14:28:40+09:00,2024-07-25T05:35:01+09:00,2026-08-30T14:28:40+09:00,"fy-18, V.W.P",https://cdn.shopify.com/s/files/1/0551/7692/1261/files/teeharu1.jpg?v=1722471394
8654415069432,【V.W.P】キービジュアルTシャツ 春猿火／2nd ONE-MAN LIVE「現象Ⅱ（再）-魔女拡成-」第二弾,vwp-300-0200,VWP-300-0202,XL,6000,6000,True,2024-07-25T05:35:01+09:00,2026-08-30T14:28:40+09:00,2024-07-25T05:35:01+09:00,2026-08-30T14:28:40+09:00,"fy-18, V.W.P",https://cdn.shopify.com/s/files/1/0551/7692/1261/files/teeharu1.jpg?v=1722471394
8654415659256,【V.W.P】キービジュアルTシャツ ヰ世界情緒／2nd ONE-MAN LIVE「現象Ⅱ（再）-魔女拡成-」第二弾,vwp-300-0203,VWP-300-0203,M,6000,6000,True,2024-07-25T05:37:21+09:00,2026-08-30T14:28:40+09:00,2024-07-25T05:37:21+09:00,2026-08-30T14:28:40+09:00,"fy-18, V.W.P",https://cdn.shopify.com/s/files/1/0551/7692/1261/files/teeise.jpg?v=1721892045
8654415659256,【V.W.P】キービジュアルTシャツ ヰ世界情緒／2nd ONE-MAN LIVE「現象Ⅱ（再）-魔女拡成-」第二弾,vwp-300-0203,VWP-300-0204,L,6000,6000,True,2024-07-25T05:37:21+09:00,2026-08-30T14:28:40+09:00,2024-07-25T05:37:21+09:00,2026-08-30T14:28:40+09:00,"fy-18, V.W.P",https://cdn.shopify.com/s/files/1/0551/7692/1261/files/teeise.jpg?v=1721892045
8654415659256,【V.W.P】キービジュアルTシャツ ヰ世界情緒／2nd ONE-MAN LIVE「現象Ⅱ（再）-魔女拡成-」第二弾,vwp-300-0203,VWP-300-0205,XL,6000,6000,True,2024-07-25T05:37:21+09:00,2026-08-30T14:28:40+09:00,2024-07-25T05:37:21+09:00,2026-08-30T14:28:40+09:00,"fy-18, V.W.P",https://cdn.shopify.com/s/files/1/0551/7692/1261/files/teeise.jpg?v=1721892045
8230685999352,【V.W.P】「GENSHO」graphic T-shirt collaboration with GraphersRock／SINKA LIVE EP.Ⅴ V.W.P／2nd ONE-MAN LIVE「現象Ⅱ -魔女拡成-」グッズ第二弾,vwp-300-136,VWP-300-0136,M,6000,6000,True,2023-12-26T14:44:49+09:00,2026-08-30T14:28:40+09:00,2023-12-26T14:42:34+09:00,2026-08-30T14:28:40+09:00,"fy-18, V.W.P",https://cdn.shopify.com/s/files/1/0551/7692/1261/files/SK_0053ok_e1acf6d4-94b0-4179-a4e2-dfa2aa018215.jpg?v=1704067548
8230685999352,【V.W.P】「GENSHO」graphic T-shirt collaboration with GraphersRock／SINKA LIVE EP.Ⅴ V.W.P／2nd ONE-MAN LIVE「現象Ⅱ -魔女拡成-」グッズ第二弾,vwp-300-136,VWP-300-0137,L,6000,6000,True,2023-12-26T14:44:49+09:00,2026-08-30T14:28:40+09:00,2023-12-26T14:42:34+09:00,2026-08-30T14:28:40+09:00,"fy-18, V.W.P",https://cdn.shopify.com/s/files/1/0551/7692/1261/files/SK_0053ok_e1acf6d4-94b0-4179-a4e2-dfa2aa018215.jpg?v=1704067548
8230685999352,【V.W.P】「GENSHO」graphic T-shirt collaboration with GraphersRock／SINKA LIVE EP.Ⅴ V.W.P／2nd ONE-MAN LIVE「現象Ⅱ -魔女拡成-」グッズ第二弾,vwp-300-136,VWP-300-0138,XL,6000,6000,True,2023-12-26T14:44:49+09:00,2026-08-30T14:28:40+09:00,2023-12-26T14:42:34+09:00,2026-08-30T14:28:40+09:00,"fy-18, V.W.P",https://cdn.shopify.com/s/files/1/0551/7692/1261/files/SK_0053ok_e1acf6d4-94b0-4179-a4e2-dfa2aa018215.jpg?v=1704067548
8654416969976,【V.W.P】キービジュアルTシャツ 幸祜／2nd ONE-MAN LIVE「現象Ⅱ（再）-魔女拡成-」第二弾,vwp-300-0206,VWP-300-0206,M,6000,6000,True,2024-07-25T05:41:40+09:00,2026-08-30T14:28:40+09:00,2024-07-25T05:41:40+09:00,2026-08-30T14:28:40+09:00,"fy-18, V.W.P",https://cdn.shopify.com/s/files/1/0551/7692/1261/files/teekoko.jpg?v=1721892064
8654416969976,【V.W.P】キービジュアルTシャツ 幸祜／2nd ONE-MAN LIVE「現象Ⅱ（再）-魔女拡成-」第二弾,vwp-300-0206,VWP-300-0207,L,6000,6000,True,2024-07-25T05:41:40+09:00,2026-08-30T14:28:40+09:00,2024-07-25T05:41:40+09:00,2026-08-30T14:28:40+09:00,"fy-18, V.W.P",https://cdn.shopify.com/s/files/1/0551/7692/1261/files/teekoko.jpg?v=1721892064
8654416969976,【V.W.P】キービジュアルTシャツ 幸祜／2nd ONE-MAN LIVE「現象Ⅱ（再）-魔女拡成-」第二弾,vwp-300-0206,VWP-300-0208,XL,6000,6000,True,2024-07-25T05:41:40+09:00,2026-08-30T14:28:40+09:00,2024-07-25T05:41:40+09:00,2026-08-30T14:28:40+09:00,"fy-18, V.W.P",https://cdn.shopify.com/s/files/1/0551/7692/1261/files/teekoko.jpg?v=1721892064
8654444429560,【V.W.P】キービジュアルフーディ／2nd ONE-MAN LIVE「現象Ⅱ（再）-魔女拡成-」第二弾,vwp-300-0231,VWP-300-0231,M,9900,9900,True,2024-07-25T06:37:31+09:00,2026-08-30T14:28:40+09:00,2024-07-25T06:35:02+09:00,2026-08-30T14:28:40+09:00,"fy-18, V.W.P",https://cdn.shopify.com/s/files/1/0551/7692/1261/files/hoodie_e85591f8-13c2-467c-8bd8-281f8fa117ff.jpg?v=1721892197
8654444429560,【V.W.P】キービジュアルフーディ／2nd ONE-MAN LIVE「現象Ⅱ（再）-魔女拡成-」第二弾,vwp-300-0231,VWP-300-0232,L,9900,9900,True,2024-07-25T06:37:31+09:00,2026-08-30T14:28:40+09:00,2024-07-25T06:35:02+09:00,2026-08-30T14:28:40+09:00,"fy-18, V.W.P",https://cdn.shopify.com/s/files/1/0551/7692/1261/files/hoodie_e85591f8-13c2-467c-8bd8-281f8fa117ff.jpg?v=1721892197
8654444429560,【V.W.P】キービジュアルフーディ／2nd ONE-MAN LIVE「現象Ⅱ（再）-魔女拡成-」第二弾,vwp-300-0231,VWP-300-0233,XL,9900,9900,True,2024-07-25T06:37:31+09:00,2026-08-30T14:28:40+09:00,2024-07-25T06:35:02+09:00,2026-08-30T14:28:40+09:00,"fy-18, V.W.P",https://cdn.shopify.com/s/files/1/0551/7692/1261/files/hoodie_e85591f8-13c2-467c-8bd8-281f8fa117ff.jpg?v=1721892197
8654422868216,【V.W.P】グラデーションマフラータオル 花譜／2nd ONE-MAN LIVE「現象Ⅱ（再）-魔女拡成-」第二弾,vwp-300-0214,VWP-300-0214,Default Title,3500,3500,True,2024-07-25T06:02:43+09:00,2026-08-30T14:28:40+09:00,2024-07-25T06:02:43+09:00,2026-08-30T14:28:40+09:00,"fy-18, V.W.P",https://cdn.shopify.com/s/files/1/0551/7692/1261/files/towel3_ab277ec2-3367-4783-bced-f14c5a137f6c.jpg?v=1721891617
8654423326968,【V.W.P】グラデーションマフラータオル 理芽／2nd ONE-MAN LIVE「現象Ⅱ（再）-魔女拡成-」第二弾,vwp-300-0215,VWP-300-0215,Default Title,3500,3500,True,2024-07-25T06:04:42+09:00,2026-08-30T14:28:40+09:00,2024-07-25T06:04:42+09:00,2026-08-30T14:28:40+09:00,"fy-18, V.W.P",https://cdn.shopify.com/s/files/1/0551/7692/1261/files/towel5_06d0d316-6383-4108-b692-6f5dfdc81f8d.jpg?v=1721891599
8654423982328,【V.W.P】グラデーションマフラータオル 春猿火／2nd ONE-MAN LIVE「現象Ⅱ（再）-魔女拡成-」第二弾,vwp-300-0216,VWP-300-0216,Default Title,3500,3500,True,2024-07-25T06:05:43+09:00,2026-08-30T14:28:40+09:00,2024-07-25T06:05:43+09:00,2026-08-30T14:28:40+09:00,"fy-18, V.W.P",https://cdn.shopify.com/s/files/1/0551/7692/1261/files/towel_851c7cb0-9940-46f6-93b1-30c9541f6b04.jpg?v=1721891587
8654425358584,【V.W.P】グラデーションマフラータオル ヰ世界情緒／2nd ONE-MAN LIVE「現象Ⅱ（再）-魔女拡成-」第二弾,vwp-300-0217,VWP-300-0217,Default Title,3500,3500,True,2024-07-25T06:06:41+09:00,2026-08-30T14:28:40+09:00,2024-07-25T06:06:41+09:00,2026-08-30T14:28:40+09:00,"fy-18, V.W.P",https://cdn.shopify.com/s/files/1/0551/7692/1261/files/towel2_9aaddfe8-5135-4681-8921-e28ae96ec19f.jpg?v=1721891545
8654431060216,【V.W.P】グラデーションマフラータオル 幸祜／2nd ONE-MAN LIVE「現象Ⅱ（再）-魔女拡成-」第二弾,vwp-300-0218,VWP-300-0218,Default Title,3500,3500,True,2024-07-25T06:08:00+09:00,2026-08-30T14:28:40+09:00,2024-07-25T06:08:00+09:00,2026-08-30T14:28:40+09:00,"fy-18, V.W.P",https://cdn.shopify.com/s/files/1/0551/7692/1261/files/towel4_03265261-aba2-475a-871a-137f03b9320e.jpg?v=1721891571
8654435320056,【V.W.P】「現象Ⅱ（再）-魔女拡成-」ver. ロゴラバーバンド／2nd ONE-MAN LIVE「現象Ⅱ（再）-魔女拡成-」第二弾,vwp-300-0219,VWP-300-0219,Default Title,1200,1200,True,2024-07-25T06:09:40+09:00,2026-08-30T14:28:40+09:00,2024-07-25T06:09:40+09:00,2026-08-30T14:28:40+09:00,"fy-18, V.W.P",https://cdn.shopify.com/s/files/1/0551/7692/1261/files/band_9c680701-21b7-418c-b321-5d0657a8cc4a.jpg?v=1721891744
8654440530168,【V.W.P】キービジュアルアクリルキーホルダー 花譜／2nd ONE-MAN LIVE「現象Ⅱ（再）-魔女拡成-」第二弾,vwp-300-0225,VWP-300-0225,Default Title,1500,1500,True,2024-07-25T06:22:06+09:00,2026-08-30T14:28:40+09:00,2024-07-25T06:22:05+09:00,2026-08-30T14:28:40+09:00,"fy-18, V.W.P",https://cdn.shopify.com/s/files/1/0551/7692/1261/files/keykaf.jpg?v=1722221690
8908530319608,【V.W.P】チャームキーホルダー 春猿火／SINKA LIVE SERIES EP. Ⅵ V.W.P 3rd ONE-MAN LIVE「現象Ⅲ-神椿市探訪中-」,vwp-300-0265,VWP-300-0265,Default Title,2200,2200,True,2025-01-09T13:41:57+09:00,2026-08-30T14:28:40+09:00,2025-01-09T13:41:57+09:00,2026-08-30T14:28:40+09:00,"fy-18, V.W.P",https://cdn.shopify.com/s/files/1/0551/7692/1261/files/AKM_2276ok.jpg?v=1737513918
8673270235384,【V.W.P】「現象＆魔女集会」デジタルライブパンフレット,vwp-200-0238,VWP-200-0238,Default Title,2300,2300,True,2024-08-06T17:36:13+09:00,2026-08-30T14:28:40+09:00,2024-08-06T17:36:13+09:00,2026-08-30T14:28:40+09:00,"fy-18, V.W.P",https://cdn.shopify.com/s/files/1/0551/7692/1261/products/6d870dc657c42574788bff825f4d2cbb.jpg?v=1645005324
9207213785336,【V.W.P】アクリルキーホルダー（運命）／KAMITSUBAKI STUDIO スターターグッズ,vwp-300-0329,VWP-300-0329,花譜,800,800,True,2025-09-10T12:48:57+09:00,2026-08-30T14:28:40+09:00,2025-09-10T12:42:33+09:00,2026-08-30T14:28:40+09:00,"fy-19, KAMITSUBAKI STUDIO スターターグッズ, V.W.P",https://cdn.shopify.com/s/files/1/0551/7692/1261/files/151de993a424511cfed5490ddb58f3e7.jpg?v=1757750674
9207213785336,【V.W.P】アクリルキーホルダー（運命）／KAMITSUBAKI STUDIO スターターグッズ,vwp-300-0329,VWP-300-0330,理芽,800,800,True,2025-09-10T12:48:57+09:00,2026-08-30T14:28:40+09:00,2025-09-10T12:42:33+09:00,2026-08-30T14:28:40+09:00,"fy-19, KAMITSUBAKI STUDIO スターターグッズ, V.W.P",https://cdn.shopify.com/s/files/1/0551/7692/1261/files/151de993a424511cfed5490ddb58f3e7.jpg?v=1757750674
9207213785336,【V.W.P】アクリルキーホルダー（運命）／KAMITSUBAKI STUDIO スターターグッズ,vwp-300-0329,VWP-300-0331,春猿火,800,800,True,2025-09-10T12:48:57+09:00,2026-08-30T14:28:40+09:00,2025-09-10T12:42:33+09:00,2026-08-30T14:28:40+09:00,"fy-19, KAMITSUBAKI STUDIO スターターグッズ, V.W.P",https://cdn.shopify.com/s/files/1/0551/7692/1261/files/151de993a424511cfed5490ddb58f3e7.jpg?v=1757750674
9207213785336,【V.W.P】アクリルキーホルダー（運命）／KAMITSUBAKI STUDIO スターターグッズ,vwp-300-0329,VWP-300-0332,ヰ世界情緒,800,800,True,2025-09-10T12:48:57+09:00,2026-08-30T14:28:40+09:00,2025-09-10T12:42:33+09:00,2026-08-30T14:28:40+09:00,"fy-19, KAMITSUBAKI STUDIO スターターグッズ, V.W.P",https://cdn.shopify.com/s/files/1/0551/7692/1261/files/151de993a424511cfed5490ddb58f3e7.jpg?v=1757750674
9207213785336,【V.W.P】アクリルキーホルダー（運命）／KAMITSUBAKI STUDIO スターターグッズ,vwp-300-0329,VWP-300-0333,幸祜,800,800,True,2025-09-10T12:48:57+09:00,2026-08-30T14:28:40+09:00,2025-09-10T12:42:33+09:00,2026-08-30T14:28:40+09:00,"fy-19, KAMITSUBAKI STUDIO スターターグッズ, V.W.P",https://cdn.shopify.com/s/files/1/0551/7692/1261/files/151de993a424511cfed5490ddb58f3e7.jpg?v=1757750674
9207219716344,【V.W.P】アクリルキーホルダー（覚醒）／KAMITSUBAKI STUDIO スターターグッズ,vwp-300-0334,VWP-300-0334,花譜,800,800,True,2025-09-10T12:52:22+09:00,2026-08-30T14:28:40+09:00,2025-09-10T12:52:21+09:00,2026-08-30T14:28:40+09:00,"fy-19, KAMITSUBAKI STUDIO スターターグッズ, V.W.P",https://cdn.shopify.com/s/files/1/0551/7692/1261/files/c6bd33b5a75b4ccc26b24dcf33969bad.jpg?v=1757750586
9207219716344,【V.W.P】アクリルキーホルダー（覚醒）／KAMITSUBAKI STUDIO スターターグッズ,vwp-300-0334,VWP-300-0335,理芽,800,800,True,2025-09-10T12:52:22+09:00,2026-08-30T14:28:40+09:00,2025-09-10T12:52:21+09:00,2026-08-30T14:28:40+09:00,"fy-19, KAMITSUBAKI STUDIO スターターグッズ, V.W.P",https://cdn.shopify.com/s/files/1/0551/7692/1261/files/c6bd33b5a75b4ccc26b24dcf33969bad.jpg?v=1757750586
9207219716344,【V.W.P】アクリルキーホルダー（覚醒）／KAMITSUBAKI STUDIO スターターグッズ,vwp-300-0334,VWP-300-0336,春猿火,800,800,True,2025-09-10T12:52:22+09:00,2026-08-30T14:28:40+09:00,2025-09-10T12:52:21+09:00,2026-08-30T14:28:40+09:00,"fy-19, KAMITSUBAKI STUDIO スターターグッズ, V.W.P",https://cdn.shopify.com/s/files/1/0551/7692/1261/files/c6bd33b5a75b4ccc26b24dcf33969bad.jpg?v=1757750586
9207219716344,【V.W.P】アクリルキーホルダー（覚醒）／KAMITSUBAKI STUDIO スターターグッズ,vwp-300-0334,VWP-300-0337,ヰ世界情緒,800,800,True,2025-09-10T12:52:22+09:00,2026-08-30T14:28:40+09:00,2025-09-10T12:52:21+09:00,2026-08-30T14:28:40+09:00,"fy-19, KAMITSUBAKI STUDIO スターターグッズ, V.W.P",https://cdn.shopify.com/s/files/1/0551/7692/1261/files/c6bd33b5a75b4ccc26b24dcf33969bad.jpg?v=1757750586
9207219716344,【V.W.P】アクリルキーホルダー（覚醒）／KAMITSUBAKI STUDIO スターターグッズ,vwp-300-0334,VWP-300-0338,幸祜,800,800,True,2025-09-10T12:52:22+09:00,2026-08-30T14:28:40+09:00,2025-09-10T12:52:21+09:00,2026-08-30T14:28:40+09:00,"fy-19, KAMITSUBAKI STUDIO スターターグッズ, V.W.P",https://cdn.shopify.com/s/files/1/0551/7692/1261/files/c6bd33b5a75b4ccc26b24dcf33969bad.jpg?v=1757750586
9207221584120,【V.W.P】アクリルキーホルダー（繁殖）／KAMITSUBAKI STUDIO スターターグッズ,vwp-300-0339,VWP-300-0339,花譜,800,800,True,2025-09-10T12:58:41+09:00,2026-08-30T14:28:40+09:00,2025-09-10T12:58:41+09:00,2026-08-30T14:28:40+09:00,"fy-19, KAMITSUBAKI STUDIO スターターグッズ, V.W.P",https://cdn.shopify.com/s/files/1/0551/7692/1261/files/40999dcb35b4419580ccb2397532331d.jpg?v=1757750545
9207221584120,【V.W.P】アクリルキーホルダー（繁殖）／KAMITSUBAKI STUDIO スターターグッズ,vwp-300-0339,VWP-300-0340,理芽,800,800,True,2025-09-10T12:58:41+09:00,2026-08-30T14:28:40+09:00,2025-09-10T12:58:41+09:00,2026-08-30T14:28:40+09:00,"fy-19, KAMITSUBAKI STUDIO スターターグッズ, V.W.P",https://cdn.shopify.com/s/files/1/0551/7692/1261/files/40999dcb35b4419580ccb2397532331d.jpg?v=1757750545
9207221584120,【V.W.P】アクリルキーホルダー（繁殖）／KAMITSUBAKI STUDIO スターターグッズ,vwp-300-0339,VWP-300-0341,春猿火,800,800,True,2025-09-10T12:58:41+09:00,2026-08-30T14:28:40+09:00,2025-09-10T12:58:41+09:00,2026-08-30T14:28:40+09:00,"fy-19, KAMITSUBAKI STUDIO スターターグッズ, V.W.P",https://cdn.shopify.com/s/files/1/0551/7692/1261/files/40999dcb35b4419580ccb2397532331d.jpg?v=1757750545
9207221584120,【V.W.P】アクリルキーホルダー（繁殖）／KAMITSUBAKI STUDIO スターターグッズ,vwp-300-0339,VWP-300-0342,ヰ世界情緒,800,800,True,2025-09-10T12:58:41+09:00,2026-08-30T14:28:40+09:00,2025-09-10T12:58:41+09:00,2026-08-30T14:28:40+09:00,"fy-19, KAMITSUBAKI STUDIO スターターグッズ, V.W.P",https://cdn.shopify.com/s/files/1/0551/7692/1261/files/40999dcb35b4419580ccb2397532331d.jpg?v=1757750545
9207221584120,【V.W.P】アクリルキーホルダー（繁殖）／KAMITSUBAKI STUDIO スターターグッズ,vwp-300-0339,VWP-300-0343,幸祜,800,800,True,2025-09-10T12:58:41+09:00,2026-08-30T14:28:40+09:00,2025-09-10T12:58:41+09:00,2026-08-30T14:28:40+09:00,"fy-19, KAMITSUBAKI STUDIO スターターグッズ, V.W.P",https://cdn.shopify.com/s/files/1/0551/7692/1261/files/40999dcb35b4419580ccb2397532331d.jpg?v=1757750545
9207223582968,【V.W.P】ハニカム缶バッジ（運命）／KAMITSUBAKI STUDIO スターターグッズ,vwp-300-0344,VWP-300-0344,花譜,500,500,True,2025-09-10T13:08:01+09:00,2026-08-30T14:28:40+09:00,2025-09-10T13:08:01+09:00,2026-08-30T14:28:40+09:00,"fy-19, KAMITSUBAKI STUDIO スターターグッズ, V.W.P",https://cdn.shopify.com/s/files/1/0551/7692/1261/files/85b71b489faf8dc95ee7cdfad3f36613.jpg?v=1757750470
9207223582968,【V.W.P】ハニカム缶バッジ（運命）／KAMITSUBAKI STUDIO スターターグッズ,vwp-300-0344,VWP-300-0345,理芽,500,500,True,2025-09-10T13:08:01+09:00,2026-08-30T14:28:40+09:00,2025-09-10T13:08:01+09:00,2026-08-30T14:28:40+09:00,"fy-19, KAMITSUBAKI STUDIO スターターグッズ, V.W.P",https://cdn.shopify.com/s/files/1/0551/7692/1261/files/85b71b489faf8dc95ee7cdfad3f36613.jpg?v=1757750470
9207223582968,【V.W.P】ハニカム缶バッジ（運命）／KAMITSUBAKI STUDIO スターターグッズ,vwp-300-0344,VWP-300-0346,春猿火,500,500,True,2025-09-10T13:08:01+09:00,2026-08-30T14:28:40+09:00,2025-09-10T13:08:01+09:00,2026-08-30T14:28:40+09:00,"fy-19, KAMITSUBAKI STUDIO スターターグッズ, V.W.P",https://cdn.shopify.com/s/files/1/0551/7692/1261/files/85b71b489faf8dc95ee7cdfad3f36613.jpg?v=1757750470
9207223582968,【V.W.P】ハニカム缶バッジ（運命）／KAMITSUBAKI STUDIO スターターグッズ,vwp-300-0344,VWP-300-0347,ヰ世界情緒,500,500,True,2025-09-10T13:08:01+09:00,2026-08-30T14:28:40+09:00,2025-09-10T13:08:01+09:00,2026-08-30T14:28:40+09:00,"fy-19, KAMITSUBAKI STUDIO スターターグッズ, V.W.P",https://cdn.shopify.com/s/files/1/0551/7692/1261/files/85b71b489faf8dc95ee7cdfad3f36613.jpg?v=1757750470
9207223582968,【V.W.P】ハニカム缶バッジ（運命）／KAMITSUBAKI STUDIO スターターグッズ,vwp-300-0344,VWP-300-0348,幸祜,500,500,True,2025-09-10T13:08:01+09:00,2026-08-30T14:28:40+09:00,2025-09-10T13:08:01+09:00,2026-08-30T14:28:40+09:00,"fy-19, KAMITSUBAKI STUDIO スターターグッズ, V.W.P",https://cdn.shopify.com/s/files/1/0551/7692/1261/files/85b71b489faf8dc95ee7cdfad3f36613.jpg?v=1757750470
9207232037112,【V.W.P】ハニカム缶バッジ（覚醒）／KAMITSUBAKI STUDIO スターターグッズ,vwp-300-0349,VWP-300-0349,花譜,500,500,True,2025-09-10T13:28:23+09:00,2026-08-30T14:28:40+09:00,2025-09-10T13:28:22+09:00,2026-08-30T14:28:40+09:00,"fy-19, KAMITSUBAKI STUDIO スターターグッズ, V.W.P",https://cdn.shopify.com/s/files/1/0551/7692/1261/files/f6f7bb7d59dd06f03262c0396eb75f52.jpg?v=1757750198
9207232037112,【V.W.P】ハニカム缶バッジ（覚醒）／KAMITSUBAKI STUDIO スターターグッズ,vwp-300-0349,VWP-300-0350,理芽,500,500,True,2025-09-10T13:28:23+09:00,2026-08-30T14:28:40+09:00,2025-09-10T13:28:22+09:00,2026-08-30T14:28:40+09:00,"fy-19, KAMITSUBAKI STUDIO スターターグッズ, V.W.P",https://cdn.shopify.com/s/files/1/0551/7692/1261/files/f6f7bb7d59dd06f03262c0396eb75f52.jpg?v=1757750198
9207232037112,【V.W.P】ハニカム缶バッジ（覚醒）／KAMITSUBAKI STUDIO スターターグッズ,vwp-300-0349,VWP-300-0351,春猿火,500,500,True,2025-09-10T13:28:23+09:00,2026-08-30T14:28:40+09:00,2025-09-10T13:28:22+09:00,2026-08-30T14:28:40+09:00,"fy-19, KAMITSUBAKI STUDIO スターターグッズ, V.W.P",https://cdn.shopify.com/s/files/1/0551/7692/1261/files/f6f7bb7d59dd06f03262c0396eb75f52.jpg?v=1757750198
9207232037112,【V.W.P】ハニカム缶バッジ（覚醒）／KAMITSUBAKI STUDIO スターターグッズ,vwp-300-0349,VWP-300-0352,ヰ世界情緒,500,500,True,2025-09-10T13:28:23+09:00,2026-08-30T14:28:40+09:00,2025-09-10T13:28:22+09:00,2026-08-30T14:28:40+09:00,"fy-19, KAMITSUBAKI STUDIO スターターグッズ, V.W.P",https://cdn.shopify.com/s/files/1/0551/7692/1261/files/f6f7bb7d59dd06f03262c0396eb75f52.jpg?v=1757750198
9207232037112,【V.W.P】ハニカム缶バッジ（覚醒）／KAMITSUBAKI STUDIO スターターグッズ,vwp-300-0349,VWP-300-0353,幸祜,500,500,True,2025-09-10T13:28:23+09:00,2026-08-30T14:28:40+09:00,2025-09-10T13:28:22+09:00,2026-08-30T14:28:40+09:00,"fy-19, KAMITSUBAKI STUDIO スターターグッズ, V.W.P",https://cdn.shopify.com/s/files/1/0551/7692/1261/files/f6f7bb7d59dd06f03262c0396eb75f52.jpg?v=1757750198
9207234232568,【V.W.P】ハニカム缶バッジ（繁殖）／KAMITSUBAKI STUDIO スターターグッズ,vwp-300-0354,VWP-300-0354,花譜,500,500,True,2025-09-10T13:33:35+09:00,2026-08-30T14:28:40+09:00,2025-09-10T13:33:34+09:00,2026-08-30T14:28:40+09:00,"fy-19, KAMITSUBAKI STUDIO スターターグッズ, V.W.P",https://cdn.shopify.com/s/files/1/0551/7692/1261/files/1b50f2e9efd21c2c1344c521e824004c.jpg?v=1757750158
9207234232568,【V.W.P】ハニカム缶バッジ（繁殖）／KAMITSUBAKI STUDIO スターターグッズ,vwp-300-0354,VWP-300-0355,理芽,500,500,True,2025-09-10T13:33:35+09:00,2026-08-30T14:28:40+09:00,2025-09-10T13:33:34+09:00,2026-08-30T14:28:40+09:00,"fy-19, KAMITSUBAKI STUDIO スターターグッズ, V.W.P",https://cdn.shopify.com/s/files/1/0551/7692/1261/files/1b50f2e9efd21c2c1344c521e824004c.jpg?v=1757750158
9207234232568,【V.W.P】ハニカム缶バッジ（繁殖）／KAMITSUBAKI STUDIO スターターグッズ,vwp-300-0354,VWP-300-0356,春猿火,500,500,True,2025-09-10T13:33:35+09:00,2026-08-30T14:28:40+09:00,2025-09-10T13:33:34+09:00,2026-08-30T14:28:40+09:00,"fy-19, KAMITSUBAKI STUDIO スターターグッズ, V.W.P",https://cdn.shopify.com/s/files/1/0551/7692/1261/files/1b50f2e9efd21c2c1344c521e824004c.jpg?v=1757750158
9207234232568,【V.W.P】ハニカム缶バッジ（繁殖）／KAMITSUBAKI STUDIO スターターグッズ,vwp-300-0354,VWP-300-0357,ヰ世界情緒,500,500,True,2025-09-10T13:33:35+09:00,2026-08-30T14:28:40+09:00,2025-09-10T13:33:34+09:00,2026-08-30T14:28:40+09:00,"fy-19, KAMITSUBAKI STUDIO スターターグッズ, V.W.P",https://cdn.shopify.com/s/files/1/0551/7692/1261/files/1b50f2e9efd21c2c1344c521e824004c.jpg?v=1757750158
9207234232568,【V.W.P】ハニカム缶バッジ（繁殖）／KAMITSUBAKI STUDIO スターターグッズ,vwp-300-0354,VWP-300-0358,幸祜,500,500,True,2025-09-10T13:33:35+09:00,2026-08-30T14:28:40+09:00,2025-09-10T13:33:34+09:00,2026-08-30T14:28:40+09:00,"fy-19, KAMITSUBAKI STUDIO スターターグッズ, V.W.P",https://cdn.shopify.com/s/files/1/0551/7692/1261/files/1b50f2e9efd21c2c1344c521e824004c.jpg?v=1757750158
9207235346680,【V.W.P】ホログラムスマホステッカー（運命）／KAMITSUBAKI STUDIO スターターグッズ,vwp-300-0359,VWP-300-0359,花譜,450,450,True,2025-09-10T13:38:39+09:00,2026-08-30T14:28:40+09:00,2025-09-10T13:38:39+09:00,2026-08-30T14:28:40+09:00,"fy-19, KAMITSUBAKI STUDIO スターターグッズ, V.W.P",https://cdn.shopify.com/s/files/1/0551/7692/1261/files/663a2068e14e2051832c157a576095bd.jpg?v=1757750109
9207235346680,【V.W.P】ホログラムスマホステッカー（運命）／KAMITSUBAKI STUDIO スターターグッズ,vwp-300-0359,VWP-300-0360,理芽,450,450,True,2025-09-10T13:38:39+09:00,2026-08-30T14:28:40+09:00,2025-09-10T13:38:39+09:00,2026-08-30T14:28:40+09:00,"fy-19, KAMITSUBAKI STUDIO スターターグッズ, V.W.P",https://cdn.shopify.com/s/files/1/0551/7692/1261/files/663a2068e14e2051832c157a576095bd.jpg?v=1757750109
9207235346680,【V.W.P】ホログラムスマホステッカー（運命）／KAMITSUBAKI STUDIO スターターグッズ,vwp-300-0359,VWP-300-0361,春猿火,450,450,True,2025-09-10T13:38:39+09:00,2026-08-30T14:28:40+09:00,2025-09-10T13:38:39+09:00,2026-08-30T14:28:40+09:00,"fy-19, KAMITSUBAKI STUDIO スターターグッズ, V.W.P",https://cdn.shopify.com/s/files/1/0551/7692/1261/files/663a2068e14e2051832c157a576095bd.jpg?v=1757750109
9207235346680,【V.W.P】ホログラムスマホステッカー（運命）／KAMITSUBAKI STUDIO スターターグッズ,vwp-300-0359,VWP-300-0362,ヰ世界情緒,450,450,True,2025-09-10T13:38:39+09:00,2026-08-30T14:28:40+09:00,2025-09-10T13:38:39+09:00,2026-08-30T14:28:40+09:00,"fy-19, KAMITSUBAKI STUDIO スターターグッズ, V.W.P",https://cdn.shopify.com/s/files/1/0551/7692/1261/files/663a2068e14e2051832c157a576095bd.jpg?v=1757750109
9207235346680,【V.W.P】ホログラムスマホステッカー（運命）／KAMITSUBAKI STUDIO スターターグッズ,vwp-300-0359,VWP-300-0363,幸祜,450,450,True,2025-09-10T13:38:39+09:00,2026-08-30T14:28:40+09:00,2025-09-10T13:38:39+09:00,2026-08-30T14:28:40+09:00,"fy-19, KAMITSUBAKI STUDIO スターターグッズ, V.W.P",https://cdn.shopify.com/s/files/1/0551/7692/1261/files/663a2068e14e2051832c157a576095bd.jpg?v=1757750109
9207236854008,【V.W.P】ホログラムスマホステッカー（覚醒）／KAMITSUBAKI STUDIO スターターグッズ,vwp-300-0364,VWP-300-0364,花譜,450,450,True,2025-09-10T13:44:46+09:00,2026-08-30T14:28:40+09:00,2025-09-10T13:44:46+09:00,2026-08-30T14:28:40+09:00,"fy-19, KAMITSUBAKI STUDIO スターターグッズ, V.W.P",https://cdn.shopify.com/s/files/1/0551/7692/1261/files/184c41ccfbadeff8aa52fba4f5f7fb9c_b80c891a-dc7f-42b6-801b-ffc2ab7c4b99.jpg?v=1757749992
9207236854008,【V.W.P】ホログラムスマホステッカー（覚醒）／KAMITSUBAKI STUDIO スターターグッズ,vwp-300-0364,VWP-300-0365,理芽,450,450,True,2025-09-10T13:44:46+09:00,2026-08-30T14:28:40+09:00,2025-09-10T13:44:46+09:00,2026-08-30T14:28:40+09:00,"fy-19, KAMITSUBAKI STUDIO スターターグッズ, V.W.P",https://cdn.shopify.com/s/files/1/0551/7692/1261/files/184c41ccfbadeff8aa52fba4f5f7fb9c_b80c891a-dc7f-42b6-801b-ffc2ab7c4b99.jpg?v=1757749992
9207236854008,【V.W.P】ホログラムスマホステッカー（覚醒）／KAMITSUBAKI STUDIO スターターグッズ,vwp-300-0364,VWP-300-0366,春猿火,450,450,True,2025-09-10T13:44:46+09:00,2026-08-30T14:28:40+09:00,2025-09-10T13:44:46+09:00,2026-08-30T14:28:40+09:00,"fy-19, KAMITSUBAKI STUDIO スターターグッズ, V.W.P",https://cdn.shopify.com/s/files/1/0551/7692/1261/files/184c41ccfbadeff8aa52fba4f5f7fb9c_b80c891a-dc7f-42b6-801b-ffc2ab7c4b99.jpg?v=1757749992
9207236854008,【V.W.P】ホログラムスマホステッカー（覚醒）／KAMITSUBAKI STUDIO スターターグッズ,vwp-300-0364,VWP-300-0367,ヰ世界情緒,450,450,True,2025-09-10T13:44:46+09:00,2026-08-30T14:28:40+09:00,2025-09-10T13:44:46+09:00,2026-08-30T14:28:40+09:00,"fy-19, KAMITSUBAKI STUDIO スターターグッズ, V.W.P",https://cdn.shopify.com/s/files/1/0551/7692/1261/files/184c41ccfbadeff8aa52fba4f5f7fb9c_b80c891a-dc7f-42b6-801b-ffc2ab7c4b99.jpg?v=1757749992
9207236854008,【V.W.P】ホログラムスマホステッカー（覚醒）／KAMITSUBAKI STUDIO スターターグッズ,vwp-300-0364,VWP-300-0368,幸祜,450,450,True,2025-09-10T13:44:46+09:00,2026-08-30T14:28:40+09:00,2025-09-10T13:44:46+09:00,2026-08-30T14:28:40+09:00,"fy-19, KAMITSUBAKI STUDIO スターターグッズ, V.W.P",https://cdn.shopify.com/s/files/1/0551/7692/1261/files/184c41ccfbadeff8aa52fba4f5f7fb9c_b80c891a-dc7f-42b6-801b-ffc2ab7c4b99.jpg?v=1757749992
9207276044536,【V.W.P】ホログラムスマホステッカー（繁殖）／KAMITSUBAKI STUDIO スターターグッズ,vwp-300-0369,VWP-300-0369,花譜,450,450,True,2025-09-10T15:21:26+09:00,2026-08-30T14:28:40+09:00,2025-09-10T15:21:26+09:00,2026-08-30T14:28:40+09:00,"fy-19, V.W.P",https://cdn.shopify.com/s/files/1/0551/7692/1261/files/223cd49e63d9f28d628852174ed3feb9.jpg?v=1757749937
9207276044536,【V.W.P】ホログラムスマホステッカー（繁殖）／KAMITSUBAKI STUDIO スターターグッズ,vwp-300-0369,VWP-300-0370,理芽,450,450,True,2025-09-10T15:21:26+09:00,2026-08-30T14:28:40+09:00,2025-09-10T15:21:26+09:00,2026-08-30T14:28:40+09:00,"fy-19, V.W.P",https://cdn.shopify.com/s/files/1/0551/7692/1261/files/223cd49e63d9f28d628852174ed3feb9.jpg?v=1757749937
9207276044536,【V.W.P】ホログラムスマホステッカー（繁殖）／KAMITSUBAKI STUDIO スターターグッズ,vwp-300-0369,VWP-300-0371,春猿火,450,450,True,2025-09-10T15:21:26+09:00,2026-08-30T14:28:40+09:00,2025-09-10T15:21:26+09:00,2026-08-30T14:28:40+09:00,"fy-19, V.W.P",https://cdn.shopify.com/s/files/1/0551/7692/1261/files/223cd49e63d9f28d628852174ed3feb9.jpg?v=1757749937
9207276044536,【V.W.P】ホログラムスマホステッカー（繁殖）／KAMITSUBAKI STUDIO スターターグッズ,vwp-300-0369,VWP-300-0372,ヰ世界情緒,450,450,True,2025-09-10T15:21:26+09:00,2026-08-30T14:28:40+09:00,2025-09-10T15:21:26+09:00,2026-08-30T14:28:40+09:00,"fy-19, V.W.P",https://cdn.shopify.com/s/files/1/0551/7692/1261/files/223cd49e63d9f28d628852174ed3feb9.jpg?v=1757749937
9207276044536,【V.W.P】ホログラムスマホステッカー（繁殖）／KAMITSUBAKI STUDIO スターターグッズ,vwp-300-0369,VWP-300-0373,幸祜,450,450,True,2025-09-10T15:21:26+09:00,2026-08-30T14:28:40+09:00,2025-09-10T15:21:26+09:00,2026-08-30T14:28:40+09:00,"fy-19, V.W.P",https://cdn.shopify.com/s/files/1/0551/7692/1261/files/223cd49e63d9f28d628852174ed3feb9.jpg?v=1757749937
9207277322488,【V.W.P】スターターグッズセット（運命＆覚醒＆繁殖）花譜 ver.／KAMITSUBAKI STUDIO スターターグッズ,vwp-300-0374,VWP-300-0374,Default Title,5250,5250,True,2025-09-10T15:25:27+09:00,2026-08-30T14:28:40+09:00,2025-09-10T15:25:27+09:00,2026-08-30T14:28:40+09:00,"fy-19, KAMITSUBAKI STUDIO スターターグッズ, V.W.P",https://cdn.shopify.com/s/files/1/0551/7692/1261/files/c788e38f2c0534b719116ea3f8e50265.jpg?v=1757853328
9207279124728,【V.W.P】スターターグッズセット（運命＆覚醒＆繁殖）理芽 ver.／KAMITSUBAKI STUDIO スターターグッズ,vwp-300-0375,VWP-300-0375,Default Title,5250,5250,True,2025-09-10T15:28:22+09:00,2026-08-30T14:28:40+09:00,2025-09-10T15:28:22+09:00,2026-08-30T14:28:40+09:00,"fy-19, KAMITSUBAKI STUDIO スターターグッズ, V.W.P",https://cdn.shopify.com/s/files/1/0551/7692/1261/files/7824f14d00e037b0ce13b97076016c1e.jpg?v=1757853156
9207282991352,【V.W.P】スターターグッズセット（運命＆覚醒＆繁殖）春猿火 ver.／KAMITSUBAKI STUDIO スターターグッズ,vwp-300-0376,VWP-300-0376,Default Title,5250,5250,True,2025-09-10T15:30:26+09:00,2026-08-30T14:28:40+09:00,2025-09-10T15:30:26+09:00,2026-08-30T14:28:40+09:00,"fy-19, KAMITSUBAKI STUDIO スターターグッズ, V.W.P",https://cdn.shopify.com/s/files/1/0551/7692/1261/files/61069d5bc9fcc8ca459fb0e8cda2ff78.jpg?v=1757832578
9207285350648,【V.W.P】スターターグッズセット（運命＆覚醒＆繁殖）ヰ世界情緒 ver.／KAMITSUBAKI STUDIO スターターグッズ,vwp-300-0377,VWP-300-0377,Default Title,5250,5250,True,2025-09-10T15:32:25+09:00,2026-08-30T14:28:40+09:00,2025-09-10T15:32:25+09:00,2026-08-30T14:28:40+09:00,"fy-19, KAMITSUBAKI STUDIO スターターグッズ, V.W.P",https://cdn.shopify.com/s/files/1/0551/7692/1261/files/99e8459249a03cf5e40998b2f0128884.jpg?v=1757832416
9207292461304,【V.W.P】スターターグッズセット（運命＆覚醒＆繁殖）幸祜 ver.／KAMITSUBAKI STUDIO スターターグッズ,vwp-300-0378,VWP-300-0378,Default Title,5250,5250,True,2025-09-10T15:35:08+09:00,2026-08-30T14:28:40+09:00,2025-09-10T15:35:08+09:00,2026-08-30T14:28:40+09:00,"fy-19, KAMITSUBAKI STUDIO スターターグッズ, V.W.P",https://cdn.shopify.com/s/files/1/0551/7692/1261/files/0b18c7bec36589fa0c91f4350c1e0acb.jpg?v=1757832175
8230720536824,【V.W.P】FMS限定 キービジュアルアクリルスタンド type：KAF／SINKA LIVE EP.Ⅴ V.W.P／2nd ONE-MAN LIVE「現象Ⅱ -魔女拡成-」グッズ第二弾,vwp-300-0149,VWP-300-0149,Default Title,2750,2750,False,2023-12-26T17:05:31+09:00,2026-08-30T14:28:40+09:00,2023-12-26T17:05:30+09:00,2026-08-30T14:28:40+09:00,"fy-18, V.W.P",https://cdn.shopify.com/s/files/1/0551/7692/1261/files/SK_0157ok.jpg?v=1704074574
8230722076920,【V.W.P】FMS限定 キービジュアルアクリルスタンド type：RIM／SINKA LIVE EP.Ⅴ V.W.P／2nd ONE-MAN LIVE「現象Ⅱ -魔女拡成-」グッズ第二弾,vwp-300-0150,VWP-300-0150,Default Title,2750,2750,False,2023-12-26T17:09:07+09:00,2026-08-30T14:28:40+09:00,2023-12-26T17:09:07+09:00,2026-08-30T14:28:40+09:00,"fy-18, V.W.P",https://cdn.shopify.com/s/files/1/0551/7692/1261/files/SK_rim0151ok.jpg?v=1704074931
8230722830584,【V.W.P】FMS限定 キービジュアルアクリルスタンド type：HARUSARUHI／SINKA LIVE EP.Ⅴ V.W.P／2nd ONE-MAN LIVE「現象Ⅱ -魔女拡成-」グッズ第二弾,vwp-300-0151,VWP-300-0151,Default Title,2750,2750,False,2023-12-26T17:12:11+09:00,2026-08-30T14:28:40+09:00,2023-12-26T17:12:11+09:00,2026-08-30T14:28:40+09:00,"fy-18, V.W.P",https://cdn.shopify.com/s/files/1/0551/7692/1261/files/SK_0159ok.jpg?v=1704075064
8230723354872,【V.W.P】FMS限定 キービジュアルアクリルスタンド type：ISEKAIJOUCHO／SINKA LIVE EP.Ⅴ V.W.P／2nd ONE-MAN LIVE「現象Ⅱ -魔女拡成-」グッズ第二弾,vwp-300-0152,VWP-300-0152,Default Title,2750,2750,False,2023-12-26T17:14:22+09:00,2026-08-30T14:28:40+09:00,2023-12-26T17:14:22+09:00,2026-08-30T14:28:40+09:00,"fy-18, V.W.P",https://cdn.shopify.com/s/files/1/0551/7692/1261/files/SK_0162ok.jpg?v=1704075166
8230723780856,【V.W.P】FMS限定 キービジュアルアクリルスタンド type：KOKO／SINKA LIVE EP.Ⅴ V.W.P／2nd ONE-MAN LIVE「現象Ⅱ -魔女拡成-」グッズ第二弾,vwp-300-0153,VWP-300-0153,Default Title,2750,2750,False,2023-12-26T17:16:17+09:00,2026-08-30T14:28:40+09:00,2023-12-26T17:16:16+09:00,2026-08-30T14:28:40+09:00,"fy-18, V.W.P",https://cdn.shopify.com/s/files/1/0551/7692/1261/files/SK_koko0154ok.jpg?v=1704075288
8230687867128,【V.W.P】MVランダムトレーディングカードセット／SINKA LIVE EP.Ⅴ V.W.P／2nd ONE-MAN LIVE「現象Ⅱ -魔女拡成-」グッズ第二弾,vwp-300-139,VWP-300-0139,Default Title,1320,1320,False,2023-12-26T14:58:33+09:00,2026-08-30T14:28:40+09:00,2023-12-26T14:58:33+09:00,2026-08-30T14:28:40+09:00,"fy-18, V.W.P",https://cdn.shopify.com/s/files/1/0551/7692/1261/files/KM_1999ok.jpg?v=1704680787
8230718243064,【V.W.P】「現象Ⅱ -魔女拡成-」フーディ／SINKA LIVE EP.Ⅴ V.W.P／2nd ONE-MAN LIVE「現象Ⅱ -魔女拡成-」グッズ第二弾,vwp-300-146,VWP-300-0146,M,9900,9900,False,2023-12-26T17:00:02+09:00,2026-08-30T14:28:40+09:00,2023-12-26T16:58:13+09:00,2026-08-30T14:28:40+09:00,"fy-18, V.W.P",https://cdn.shopify.com/s/files/1/0551/7692/1261/files/SK_0062ok.jpg?v=1704074293
8230718243064,【V.W.P】「現象Ⅱ -魔女拡成-」フーディ／SINKA LIVE EP.Ⅴ V.W.P／2nd ONE-MAN LIVE「現象Ⅱ -魔女拡成-」グッズ第二弾,vwp-300-146,VWP-300-0147,L,9900,9900,False,2023-12-26T17:00:02+09:00,2026-08-30T14:28:40+09:00,2023-12-26T16:58:13+09:00,2026-08-30T14:28:40+09:00,"fy-18, V.W.P",https://cdn.shopify.com/s/files/1/0551/7692/1261/files/SK_0062ok.jpg?v=1704074293
8230718243064,【V.W.P】「現象Ⅱ -魔女拡成-」フーディ／SINKA LIVE EP.Ⅴ V.W.P／2nd ONE-MAN LIVE「現象Ⅱ -魔女拡成-」グッズ第二弾,vwp-300-146,VWP-300-0148,XL,9900,9999,False,2023-12-26T17:00:02+09:00,2026-08-30T14:28:40+09:00,2023-12-26T16:58:13+09:00,2026-08-30T14:28:40+09:00,"fy-18, V.W.P",https://cdn.shopify.com/s/files/1/0551/7692/1261/files/SK_0062ok.jpg?v=1704074293
8307240960248,【V.W.P】「覚醒」（type：KAF）（通常盤）／V.W.P 2nd ALBUM「覚醒」＆ 花譜 3rd Remix ALBUM「狂想γ」,ktr-000-0147,KTR-000-0147,Default Title,5000,5000,False,2024-03-13T15:35:04+09:00,2026-08-30T14:28:40+09:00,2024-03-13T15:35:04+09:00,2026-08-30T14:28:40+09:00,"fy-17, V.W.P",https://cdn.shopify.com/s/files/1/0551/7692/1261/files/vwp___solo__H1___0327_3df1018c-057a-4796-8796-0f9a22fe6abf.jpg?v=1711542344
8307247841528,【V.W.P】「覚醒」（type：RIM）（通常盤）／V.W.P 2nd ALBUM「覚醒」＆ 花譜 3rd Remix ALBUM「狂想γ」,ktr-000-0146,KTR-000-0146,Default Title,5000,5000,False,2024-03-13T15:45:32+09:00,2026-08-30T14:28:40+09:00,2024-03-13T15:45:32+09:00,2026-08-30T14:28:40+09:00,"fy-17, V.W.P",https://cdn.shopify.com/s/files/1/0551/7692/1261/files/vwp___solo__H1___0327_641e3d68-0cfe-4201-ae7b-2348dfbcfdc7.jpg?v=1711542482
8307250757880,【V.W.P】「覚醒」（type：HARUSARUHI）（通常盤）／V.W.P 2nd ALBUM「覚醒」＆ 花譜 3rd Remix ALBUM「狂想γ」,ktr-000-0145,KTR-000-0145,Default Title,5000,5000,False,2024-03-13T15:51:23+09:00,2026-08-30T14:28:40+09:00,2024-03-13T15:51:23+09:00,2026-08-30T14:28:40+09:00,"fy-17, V.W.P",https://cdn.shopify.com/s/files/1/0551/7692/1261/files/vwp___solo__H1___0327.jpg?v=1711542232
8307251839224,【V.W.P】「覚醒」（type：ISEKAIJOUCHO）（通常盤）／V.W.P 2nd ALBUM「覚醒」＆ 花譜 3rd Remix ALBUM「狂想γ」,ktr-000-0144,KTR-000-0144,Default Title,5000,5000,False,2024-03-13T15:54:57+09:00,2026-08-30T14:28:40+09:00,2024-03-13T15:54:57+09:00,2026-08-30T14:28:40+09:00,"fy-17, V.W.P",https://cdn.shopify.com/s/files/1/0551/7692/1261/files/vwp___solo__H1___0327_ce42ab90-aa68-4b8f-b81c-e5fd542bf972.jpg?v=1711542293
8307253477624,【V.W.P】「覚醒」（type：KOKO）（通常盤）／V.W.P 2nd ALBUM「覚醒」＆ 花譜 3rd Remix ALBUM「狂想γ」,ktr-000-0143,KTR-000-0143,Default Title,5000,5000,False,2024-03-13T15:59:10+09:00,2026-08-30T14:28:40+09:00,2024-03-13T15:59:10+09:00,2026-08-30T14:28:40+09:00,"fy-17, V.W.P",https://cdn.shopify.com/s/files/1/0551/7692/1261/files/vwp___solo__H1___0327_ccb07164-0a26-4ff0-bdee-3073c93d04b3.jpg?v=1711542415
7986815762680,【V.W.P】1st ONE-MAN LIVE「魔女集会&現象」Blu-ray／1st ONE-MAN LIVE「魔女集会&現象」,ktr-000-0107,KTR-000-0107,Default Title,10000,10000,False,2023-05-01T09:26:01+09:00,2026-08-30T14:28:40+09:00,2023-05-01T09:26:01+09:00,2026-08-30T14:28:40+09:00,"fy-17, V.W.P",https://cdn.shopify.com/s/files/1/0551/7692/1261/files/gensyou_fms.png?v=1682917125
7984976625912,【V.W.P】「運命」（type：V.W.P）／1st ALBUM「運命」,ktr-000-0105,KTR-000-0105,Default Title,2500,2500,False,2023-04-25T23:56:41+09:00,2026-08-30T14:28:40+09:00,2023-04-25T23:56:41+09:00,2026-08-30T14:28:40+09:00,"fy-17, V.W.P",https://cdn.shopify.com/s/files/1/0551/7692/1261/files/154c77576d2a05ac21499d7ff64d65ca.jpg?v=1683083658
8036498702584,【V.W.P】「運命」（type：RIM）（通常盤）／1st ALBUM「運命」,ktr-000-0110,KTR-000-0110,Default Title,5000,5000,False,2023-08-13T11:46:36+09:00,2026-08-30T14:28:40+09:00,2023-08-13T11:46:36+09:00,2026-08-30T14:28:40+09:00,"fy-17, V.W.P",https://cdn.shopify.com/s/files/1/0551/7692/1261/files/1f56e5964fb0576dae3bb5afcda3460a_485b6e2a-eded-49ae-8c3d-a15842272ce1.jpg?v=1691894808
8036496638200,【V.W.P】「運命」（type：HARUSARUHI）（通常盤）／1st ALBUM「運命」,ktr-000-0111,KTR-000-0111,Default Title,5000,5000,False,2023-08-13T11:08:51+09:00,2026-08-30T14:28:40+09:00,2023-08-13T11:08:51+09:00,2026-08-30T14:28:40+09:00,"fy-17, V.W.P",https://cdn.shopify.com/s/files/1/0551/7692/1261/files/eef60461b09e52fb94ab0065c12758fa_ee3c9126-2eb8-46df-9b62-d99026b9a02c.jpg?v=1691892543
8036497522936,【V.W.P】「運命」（type：ISEKAIJOUCHO）（通常盤）／1st ALBUM「運命」,ktr-000-0112,KTR-000-0112,Default Title,5000,5000,False,2023-08-13T11:33:54+09:00,2026-08-30T14:28:40+09:00,2023-08-13T11:33:54+09:00,2026-08-30T14:28:40+09:00,"fy-17, V.W.P",https://cdn.shopify.com/s/files/1/0551/7692/1261/files/a3c2c88820fcb02e8a4e89775ab65f0c_9f1cab95-40e7-4ad6-8955-6e34fa1bcee2.jpg?v=1691894046
8036498407672,【V.W.P】「運命」（type：KOKO）（通常盤）／1st ALBUM「運命」,ktr-000-0113,KTR-000-0113,Default Title,5000,5000,False,2023-08-13T11:43:13+09:00,2026-08-30T14:28:40+09:00,2023-08-13T11:43:13+09:00,2026-08-30T14:28:40+09:00,"fy-17, V.W.P",https://cdn.shopify.com/s/files/1/0551/7692/1261/files/d943afe7668922c0f9326edd67b4418c_1a39ceb6-8912-477b-9286-c80ef245bc0a.jpg?v=1691894604
8230688260344,【V.W.P】Anniversary Watch type:RIM／SINKA LIVE EP.Ⅴ V.W.P／2nd ONE-MAN LIVE「現象Ⅱ -魔女拡成-」グッズ第二弾,vwp-300-141,VWP-300-0141,Default Title,27500,27500,False,2023-12-26T15:02:52+09:00,2026-08-30T14:28:40+09:00,2023-12-26T15:02:52+09:00,2026-08-30T14:28:40+09:00,"fy-18, V.W.P",https://cdn.shopify.com/s/files/1/0551/7692/1261/files/SK_rim0560ok.jpg?v=1704069259
8230688784632,【V.W.P】Anniversary Watch type:HARUSARUHI／SINKA LIVE EP.Ⅴ V.W.P／2nd ONE-MAN LIVE「現象Ⅱ -魔女拡成-」グッズ第二弾,vwp-300-142,VWP-300-0142,Default Title,27500,27500,False,2023-12-26T15:09:40+09:00,2026-08-30T14:28:40+09:00,2023-12-26T15:09:39+09:00,2026-08-30T14:28:40+09:00,"fy-18, V.W.P",https://cdn.shopify.com/s/files/1/0551/7692/1261/files/SK_haru0601ok.jpg?v=1704069633
8230695371000,【V.W.P】Anniversary Watch type:KOKO／SINKA LIVE EP.Ⅴ V.W.P／2nd ONE-MAN LIVE「現象Ⅱ -魔女拡成-」グッズ第二弾,vwp-300-144,VWP-300-0144,Default Title,27500,27500,False,2023-12-26T15:18:09+09:00,2026-08-30T14:28:40+09:00,2023-12-26T15:18:09+09:00,2026-08-30T14:28:40+09:00,"fy-18, V.W.P",https://cdn.shopify.com/s/files/1/0551/7692/1261/files/SK_koko0576ok.jpg?v=1704073945
8230680264952,【V.W.P】ラバーバンドマフラータオルセット／SINKA LIVE EP.Ⅴ V.W.P／2nd ONE-MAN LIVE「現象Ⅱ -魔女拡成-」グッズ第二弾,vwp-300-135,VWP-300-0135,Default Title,4400,4400,False,2023-12-26T13:52:58+09:00,2026-08-30T14:28:40+09:00,2023-12-26T13:52:58+09:00,2026-08-30T14:28:40+09:00,"fy-17, V.W.P",https://cdn.shopify.com/s/files/1/0551/7692/1261/files/SK_0030ok.jpg?v=1704067228
7928754831608,【V.W.P】V.W.P FANTASY ぬいぐるみ／KAMITSUBAKI FES 2023,vwp-300-0084,VWP-300-0084,花譜,3850,3850,False,2023-03-20T11:11:48+09:00,2026-08-30T14:28:40+09:00,2023-02-01T14:02:19+09:00,2026-08-30T14:28:40+09:00,"fy-17, V.W.P, ヰ世界情緒, 幸祜, 春猿火, 理芽, 花譜",https://cdn.shopify.com/s/files/1/0551/7692/1261/products/7ad3f38dc1a3f240ae7dfd49a96cdf69.jpg?v=1680315932
7928754831608,【V.W.P】V.W.P FANTASY ぬいぐるみ／KAMITSUBAKI FES 2023,vwp-300-0084,VWP-300-0085,理芽,3850,3850,False,2023-03-20T11:11:48+09:00,2026-08-30T14:28:40+09:00,2023-02-01T14:02:19+09:00,2026-08-30T14:28:40+09:00,"fy-17, V.W.P, ヰ世界情緒, 幸祜, 春猿火, 理芽, 花譜",https://cdn.shopify.com/s/files/1/0551/7692/1261/products/7ad3f38dc1a3f240ae7dfd49a96cdf69.jpg?v=1680315932
7928754831608,【V.W.P】V.W.P FANTASY ぬいぐるみ／KAMITSUBAKI FES 2023,vwp-300-0084,VWP-300-0086,春猿火,3850,3850,False,2023-03-20T11:11:48+09:00,2026-08-30T14:28:40+09:00,2023-02-01T14:02:19+09:00,2026-08-30T14:28:40+09:00,"fy-17, V.W.P, ヰ世界情緒, 幸祜, 春猿火, 理芽, 花譜",https://cdn.shopify.com/s/files/1/0551/7692/1261/products/7ad3f38dc1a3f240ae7dfd49a96cdf69.jpg?v=1680315932
7928754831608,【V.W.P】V.W.P FANTASY ぬいぐるみ／KAMITSUBAKI FES 2023,vwp-300-0084,VWP-300-0087,ヰ世界情緒,3850,3850,False,2023-03-20T11:11:48+09:00,2026-08-30T14:28:40+09:00,2023-02-01T14:02:19+09:00,2026-08-30T14:28:40+09:00,"fy-17, V.W.P, ヰ世界情緒, 幸祜, 春猿火, 理芽, 花譜",https://cdn.shopify.com/s/files/1/0551/7692/1261/products/7ad3f38dc1a3f240ae7dfd49a96cdf69.jpg?v=1680315932
7928754831608,【V.W.P】V.W.P FANTASY ぬいぐるみ／KAMITSUBAKI FES 2023,vwp-300-0084,VWP-300-0088,幸祜,3850,3850,False,2023-03-20T11:11:48+09:00,2026-08-30T14:28:40+09:00,2023-02-01T14:02:19+09:00,2026-08-30T14:28:40+09:00,"fy-17, V.W.P, ヰ世界情緒, 幸祜, 春猿火, 理芽, 花譜",https://cdn.shopify.com/s/files/1/0551/7692/1261/products/7ad3f38dc1a3f240ae7dfd49a96cdf69.jpg?v=1680315932
7928751554808,【V.W.P】KAMITSUBAKI FES アクリルスタンド V.W.P／KAMITSUBAKI FES 2023,kaf-300-0250,KAF-300-0250,花譜,2200,2200,False,2023-03-20T14:22:00+09:00,2026-08-30T14:28:40+09:00,2023-02-01T13:44:29+09:00,2026-08-30T14:28:40+09:00,"fy-17, V.W.P, ヰ世界情緒, 幸祜, 春猿火, 理芽, 花譜",https://cdn.shopify.com/s/files/1/0551/7692/1261/products/SK_7327ok.jpg?v=1679581434
7928751554808,【V.W.P】KAMITSUBAKI FES アクリルスタンド V.W.P／KAMITSUBAKI FES 2023,kaf-300-0250,RIM-300-0046,理芽,2200,2200,False,2023-03-20T14:22:00+09:00,2026-08-30T14:28:40+09:00,2023-02-01T13:44:29+09:00,2026-08-30T14:28:40+09:00,"fy-17, V.W.P, ヰ世界情緒, 幸祜, 春猿火, 理芽, 花譜",https://cdn.shopify.com/s/files/1/0551/7692/1261/products/SK_7327ok.jpg?v=1679581434
7928751554808,【V.W.P】KAMITSUBAKI FES アクリルスタンド V.W.P／KAMITSUBAKI FES 2023,kaf-300-0250,HAR-300-0048,春猿火,2200,2200,False,2023-03-20T14:22:00+09:00,2026-08-30T14:28:40+09:00,2023-02-01T13:44:29+09:00,2026-08-30T14:28:40+09:00,"fy-17, V.W.P, ヰ世界情緒, 幸祜, 春猿火, 理芽, 花譜",https://cdn.shopify.com/s/files/1/0551/7692/1261/products/SK_7327ok.jpg?v=1679581434
7928751554808,【V.W.P】KAMITSUBAKI FES アクリルスタンド V.W.P／KAMITSUBAKI FES 2023,kaf-300-0250,ISE-300-0063,ヰ世界情緒,2200,2200,False,2023-03-20T14:22:00+09:00,2026-08-30T14:28:40+09:00,2023-02-01T13:44:29+09:00,2026-08-30T14:28:40+09:00,"fy-17, V.W.P, ヰ世界情緒, 幸祜, 春猿火, 理芽, 花譜",https://cdn.shopify.com/s/files/1/0551/7692/1261/products/SK_7327ok.jpg?v=1679581434
7928751554808,【V.W.P】KAMITSUBAKI FES アクリルスタンド V.W.P／KAMITSUBAKI FES 2023,kaf-300-0250,KOK-300-0037,幸祜,2200,2200,False,2023-03-20T14:22:00+09:00,2026-08-30T14:28:40+09:00,2023-02-01T13:44:29+09:00,2026-08-30T14:28:40+09:00,"fy-17, V.W.P, ヰ世界情緒, 幸祜, 春猿火, 理芽, 花譜",https://cdn.shopify.com/s/files/1/0551/7692/1261/products/SK_7327ok.jpg?v=1679581434
7928879579384,【V.W.P】Magic Circle ラウンドタオル／KAMITSUBAKI FES 2023,vwp-300-0080,VWP-300-0080,Default Title,9900,9900,False,2023-02-01T18:50:00+09:00,2026-08-30T14:28:40+09:00,2023-02-01T18:50:00+09:00,2026-08-30T14:28:40+09:00,"fy-17, V.W.P",https://cdn.shopify.com/s/files/1/0551/7692/1261/products/SK_7585ok.jpg?v=1679902402
7928903663864,【V.W.P】「言霊」トレーディングカードセット／KAMITSUBAKI FES 2023,vwp-300-0081,VWP-300-0081,Default Title,2200,2200,False,2023-02-01T19:22:30+09:00,2026-08-30T14:28:40+09:00,2023-02-01T19:22:30+09:00,2026-08-30T14:28:40+09:00,"fy-17, V.W.P",https://cdn.shopify.com/s/files/1/0551/7692/1261/products/SK_6314ok.jpg?v=1679352403
7928904155384,【V.W.P】「再会」トレーディングカードセット／KAMITSUBAKI FES 2023,vwp-300-0082,VWP-300-0082,Default Title,2200,2200,False,2023-02-01T19:24:29+09:00,2026-08-30T14:28:40+09:00,2023-02-01T19:24:29+09:00,2026-08-30T14:28:40+09:00,"fy-17, V.W.P",https://cdn.shopify.com/s/files/1/0551/7692/1261/products/SK_6308ok.jpg?v=1679352531
7928904646904,【V.W.P】「共鳴」ポストカードセット／KAMITSUBAKI FES 2023,vwp-300-0083,VWP-300-0083,Default Title,2750,2750,False,2023-02-01T19:26:53+09:00,2026-08-30T14:28:40+09:00,2023-02-01T19:26:53+09:00,2026-08-30T14:28:40+09:00,"fy-17, V.W.P",https://cdn.shopify.com/s/files/1/0551/7692/1261/products/SK_6296ok.jpg?v=1679352717
7928889409784,【V.W.P】イラストペンライト V.W.P／KAMITSUBAKI FES 2023,kaf-300-0249,KAF-300-0249,花譜,4950,4950,False,2023-03-21T08:02:10+09:00,2026-08-30T14:28:40+09:00,2023-02-01T18:55:07+09:00,2026-08-30T14:28:40+09:00,"fy-17, V.W.P, ヰ世界情緒, 幸祜, 春猿火, 花譜",https://cdn.shopify.com/s/files/1/0551/7692/1261/products/SK_7347ok.jpg?v=1679582892
7928889409784,【V.W.P】イラストペンライト V.W.P／KAMITSUBAKI FES 2023,kaf-300-0249,HAR-300-0047,春猿火,4950,4950,False,2023-03-21T08:02:10+09:00,2026-08-30T14:28:40+09:00,2023-02-01T18:55:07+09:00,2026-08-30T14:28:40+09:00,"fy-17, V.W.P, ヰ世界情緒, 幸祜, 春猿火, 花譜",https://cdn.shopify.com/s/files/1/0551/7692/1261/products/SK_7347ok.jpg?v=1679582892
7928889409784,【V.W.P】イラストペンライト V.W.P／KAMITSUBAKI FES 2023,kaf-300-0249,ISE-300-0062,ヰ世界情緒,4950,4950,False,2023-03-21T08:02:10+09:00,2026-08-30T14:28:40+09:00,2023-02-01T18:55:07+09:00,2026-08-30T14:28:40+09:00,"fy-17, V.W.P, ヰ世界情緒, 幸祜, 春猿火, 花譜",https://cdn.shopify.com/s/files/1/0551/7692/1261/products/SK_7347ok.jpg?v=1679582892
7928889409784,【V.W.P】イラストペンライト V.W.P／KAMITSUBAKI FES 2023,kaf-300-0249,KOK-300-0036,幸祜,4950,4950,False,2023-03-21T08:02:10+09:00,2026-08-30T14:28:40+09:00,2023-02-01T18:55:07+09:00,2026-08-30T14:28:40+09:00,"fy-17, V.W.P, ヰ世界情緒, 幸祜, 春猿火, 花譜",https://cdn.shopify.com/s/files/1/0551/7692/1261/products/SK_7347ok.jpg?v=1679582892
7880057487608,【V.W.P】セットC101／コミックマーケット101出展記念,v-w-p-セットc101-コミックマーケット101出展記念,VWP-300-0077,Default Title,15000,15000,False,2022-12-02T13:32:21+09:00,2026-08-30T14:28:40+09:00,2022-12-02T13:32:21+09:00,2026-08-30T14:28:40+09:00,"fy-16, V.W.P",https://cdn.shopify.com/s/files/1/0551/7692/1261/products/SK_4500ok.jpg?v=1673244292
7880058536184,【KAMITSUBAKI STUDIO】ART BOOK Vol.3／コミックマーケット101出展記念,kamitsubaki-studio-art-book-vol-3-コミックマーケット101出展記念,KTS-300-0095,Default Title,2000,2000,False,2022-12-02T13:42:14+09:00,2026-08-30T14:28:40+09:00,2022-12-02T13:42:14+09:00,2026-08-30T14:28:40+09:00,"fy-16, V.W.P",https://cdn.shopify.com/s/files/1/0551/7692/1261/products/SK_4402ok.jpg?v=1673242840
7880056996088,【V.W.P】2023~2024アクリル卓上カレンダー／コミックマーケット101出展記念,v-w-p-2023-2024アクリル卓上カレンダー-コミックマーケット101出展記念,VWP-300-0078,Default Title,5000,5000,False,2022-12-02T13:22:56+09:00,2026-08-30T14:28:40+09:00,2022-12-02T13:22:56+09:00,2026-08-30T14:28:40+09:00,"fy-16, V.W.P",https://cdn.shopify.com/s/files/1/0551/7692/1261/products/SK_4444ok.jpg?v=1673243855
7635439321336,【V.W.P】ミニキャラぬいぐるみ 春猿火／1st ONE-MAN LIVE「現象」／「魔女集会」JOINT LIVE & TALK EVENT,v-w-p-ミニキャラぬいぐるみ-春猿火-1st-one-man-live-現象-魔女集会-joint-live-talk-event,VWP-300-0047,Default Title,3300,3300,False,2022-03-29T10:25:09+09:00,2026-08-30T14:28:40+09:00,2022-03-29T10:25:09+09:00,2026-08-30T14:28:40+09:00,"fy-16, V.W.P",https://cdn.shopify.com/s/files/1/0551/7692/1261/products/01_401110e3-06c2-45cd-a8cf-1e7c1c738334.jpg?v=1649214956
7635448594680,【V.W.P】ミニキャラぬいぐるみ 幸祜／1st ONE-MAN LIVE「現象」／「魔女集会」JOINT LIVE & TALK EVENT,v-w-p-ミニキャラぬいぐるみ-幸祜-1st-one-man-live-現象-魔女集会-joint-live-talk-event,VWP-300-0049,Default Title,3300,3300,False,2022-03-29T10:29:06+09:00,2026-08-30T14:28:40+09:00,2022-03-29T10:29:06+09:00,2026-08-30T14:28:40+09:00,"fy-16, V.W.P",https://cdn.shopify.com/s/files/1/0551/7692/1261/products/01_6af04e91-d52c-41a0-80df-507dcd93f86e.jpg?v=1649214937
7635659030776,【V.W.P】現象タイポキーホルダー／1st ONE-MAN LIVE「現象」／「魔女集会」JOINT LIVE & TALK EVENT,v-w-p-現象タイポキーホルダー-1st-one-man-live-現象-魔女集会-joint-live-talk-event,VWP-300-0066,Default Title,1320,1320,False,2022-03-29T11:55:54+09:00,2026-08-30T14:28:40+09:00,2022-03-29T11:55:54+09:00,2026-08-30T14:28:40+09:00,"fy-16, V.W.P",https://cdn.shopify.com/s/files/1/0551/7692/1261/products/01_d12d2c9d-cd23-4d4e-8837-a0a362f2c236.jpg?v=1648637431
7635663880440,【V.W.P】魔女集会タイポキーホルダー／1st ONE-MAN LIVE「現象」／「魔女集会」JOINT LIVE & TALK EVENT,v-w-p-魔女集会タイポキーホルダー-1st-one-man-live-現象-魔女集会-joint-live-talk-event,VWP-300-0067,Default Title,1320,1320,False,2022-03-29T11:58:12+09:00,2026-08-30T14:28:40+09:00,2022-03-29T11:58:12+09:00,2026-08-30T14:28:40+09:00,"fy-16, V.W.P",https://cdn.shopify.com/s/files/1/0551/7692/1261/products/01_2f570ac8-8bdc-42e4-ab8e-ee2cb950e04e.jpg?v=1648637480
7508993016056,【V.W.P】虚拟魔女现象 ロングスリーブTシャツ／V.W.P展,v-w-p-虚拟魔女现象-ロングスリーブtシャツ-v-w-p展,VWP-300-0020,M,7700,7700,False,2021-12-28T11:54:03+09:00,2026-08-30T14:28:40+09:00,2021-12-28T11:54:03+09:00,2026-08-30T14:28:40+09:00,"fy-15, V.W.P",https://cdn.shopify.com/s/files/1/0551/7692/1261/products/KR__9634ok.jpg?v=1640663100
7508993016056,【V.W.P】虚拟魔女现象 ロングスリーブTシャツ／V.W.P展,v-w-p-虚拟魔女现象-ロングスリーブtシャツ-v-w-p展,VWP-300-0021,L,7700,7700,False,2021-12-28T11:54:03+09:00,2026-08-30T14:28:40+09:00,2021-12-28T11:54:03+09:00,2026-08-30T14:28:40+09:00,"fy-15, V.W.P",https://cdn.shopify.com/s/files/1/0551/7692/1261/products/KR__9634ok.jpg?v=1640663100
7508993016056,【V.W.P】虚拟魔女现象 ロングスリーブTシャツ／V.W.P展,v-w-p-虚拟魔女现象-ロングスリーブtシャツ-v-w-p展,VWP-300-0022,XL,7700,7700,False,2021-12-28T11:54:03+09:00,2026-08-30T14:28:40+09:00,2021-12-28T11:54:03+09:00,2026-08-30T14:28:40+09:00,"fy-15, V.W.P",https://cdn.shopify.com/s/files/1/0551/7692/1261/products/KR__9634ok.jpg?v=1640663100
7634041798904,【V.W.P】The Coven TEE RIM／1st ONE-MAN LIVE「現象」／「魔女集会」JOINT LIVE & TALK EVENT,v-w-p-the-coven-tee-rim-1st-one-man-live-現象-魔女集会-joint-live-talk-event,VWP-300-0033,M,4400,4400,False,2022-03-28T23:38:27+09:00,2026-08-30T14:28:40+09:00,2022-03-28T23:38:27+09:00,2026-08-30T14:28:40+09:00,"fy-16, V.W.P",https://cdn.shopify.com/s/files/1/0551/7692/1261/products/TheCovenTEERIM.jpg?v=1648637945
7634041798904,【V.W.P】The Coven TEE RIM／1st ONE-MAN LIVE「現象」／「魔女集会」JOINT LIVE & TALK EVENT,v-w-p-the-coven-tee-rim-1st-one-man-live-現象-魔女集会-joint-live-talk-event,VWP-300-0034,L,4400,4400,False,2022-03-28T23:38:27+09:00,2026-08-30T14:28:40+09:00,2022-03-28T23:38:27+09:00,2026-08-30T14:28:40+09:00,"fy-16, V.W.P",https://cdn.shopify.com/s/files/1/0551/7692/1261/products/TheCovenTEERIM.jpg?v=1648637945
7634041798904,【V.W.P】The Coven TEE RIM／1st ONE-MAN LIVE「現象」／「魔女集会」JOINT LIVE & TALK EVENT,v-w-p-the-coven-tee-rim-1st-one-man-live-現象-魔女集会-joint-live-talk-event,VWP-300-0035,XL,4400,4400,False,2022-03-28T23:38:27+09:00,2026-08-30T14:28:40+09:00,2022-03-28T23:38:27+09:00,2026-08-30T14:28:40+09:00,"fy-16, V.W.P",https://cdn.shopify.com/s/files/1/0551/7692/1261/products/TheCovenTEERIM.jpg?v=1648637945
7635434897656,【V.W.P】ミニキャラぬいぐるみ 理芽／1st ONE-MAN LIVE「現象」／「魔女集会」JOINT LIVE & TALK EVENT,v-w-p-ミニキャラぬいぐるみ-理芽-1st-one-man-live-現象-魔女集会-joint-live-talk-event,VWP-300-0046,Default Title,3300,3300,False,2022-03-29T10:22:59+09:00,2026-08-30T14:28:40+09:00,2022-03-29T10:22:59+09:00,2026-08-30T14:28:40+09:00,"fy-16, V.W.P",https://cdn.shopify.com/s/files/1/0551/7692/1261/products/01_5188641d-f9fa-46fb-a7a8-ee3fcd05ac75.jpg?v=1649215108
7635461865720,【V.W.P】The Phenomenon ラバーバンド／1st ONE-MAN LIVE「現象」／「魔女集会」JOINT LIVE & TALK EVENT,v-w-p-the-phenomenon-ラバーバンド-1st-one-man-live-現象-魔女集会-joint-live-talk-event,VWP-300-0050,Default Title,990,990,False,2022-03-29T10:34:54+09:00,2026-08-30T14:28:40+09:00,2022-03-29T10:34:54+09:00,2026-08-30T14:28:40+09:00,"fy-16, V.W.P",https://cdn.shopify.com/s/files/1/0551/7692/1261/products/ThePhenomenon_01.jpg?v=1648637381
7635678560504,【V.W.P】「魔女集会」キービジュアルポスター／1st ONE-MAN LIVE「現象」／「魔女集会」JOINT LIVE & TALK EVENT,v-w-p-魔女集会-キービジュアルポスター-1st-one-man-live-現象-魔女集会-joint-live-talk-event,VWP-300-0069,Default Title,550,550,False,2022-03-29T12:03:00+09:00,2026-08-30T14:28:40+09:00,2022-03-29T12:03:00+09:00,2026-08-30T14:28:40+09:00,"fy-16, V.W.P",https://cdn.shopify.com/s/files/1/0551/7692/1261/products/VWP_B2_10c796a6-cd3e-4262-9a76-f38c26087517.jpg?v=1648698047
7352744280312,【V.W.P】電脳音源カード豪華版,v-w-p-電脳音源カード豪華版,VWP-300-0002,Default Title,4400,4400,False,2021-10-30T12:14:26+09:00,2026-08-30T14:28:40+09:00,2021-10-30T12:14:26+09:00,2026-08-30T14:28:40+09:00,"fy-15, V.W.P",https://cdn.shopify.com/s/files/1/0551/7692/1261/products/c825ea09-c30d-4853-8052-082f85c8821a.jpg?v=1675162060
7628591268088,【V.W.P】The Phenomenon リバーシブルスカジャン／1st ONE-MAN LIVE「現象」／「魔女集会」JOINT LIVE & TALK EVENT,v-w-p-the-phenomenon-リバーシブルスカジャン-1st-one-man-live-現象-魔女集会-joint-live-talk-event,VWP-300-0026,Default Title,27500,27500,False,2022-03-25T07:48:51+09:00,2026-08-30T14:28:40+09:00,2022-03-25T07:48:51+09:00,2026-08-30T14:28:40+09:00,"fy-16, V.W.P",https://cdn.shopify.com/s/files/1/0551/7692/1261/products/ThePhenomenon_01_b5d5587d-5708-4868-ab5c-a4c2e3f876f3.jpg?v=1649217099
7628604834040,【V.W.P】Magic Circle フーディー／1st ONE-MAN LIVE「現象」／「魔女集会」JOINT LIVE & TALK EVENT,v-w-p-magic-circle-フーディー-1st-one-man-live-現象-魔女集会-joint-live-talk-event,VWP-300-0027,M,9900,9900,False,2022-03-25T08:17:46+09:00,2026-08-30T14:28:40+09:00,2022-03-25T08:15:32+09:00,2026-08-30T14:28:40+09:00,"fy-16, V.W.P",https://cdn.shopify.com/s/files/1/0551/7692/1261/products/MagicCircle_01.jpg?v=1648636856
7628604834040,【V.W.P】Magic Circle フーディー／1st ONE-MAN LIVE「現象」／「魔女集会」JOINT LIVE & TALK EVENT,v-w-p-magic-circle-フーディー-1st-one-man-live-現象-魔女集会-joint-live-talk-event,VWP-300-0028,L,9900,9900,False,2022-03-25T08:17:46+09:00,2026-08-30T14:28:40+09:00,2022-03-25T08:15:32+09:00,2026-08-30T14:28:40+09:00,"fy-16, V.W.P",https://cdn.shopify.com/s/files/1/0551/7692/1261/products/MagicCircle_01.jpg?v=1648636856
7628604834040,【V.W.P】Magic Circle フーディー／1st ONE-MAN LIVE「現象」／「魔女集会」JOINT LIVE & TALK EVENT,v-w-p-magic-circle-フーディー-1st-one-man-live-現象-魔女集会-joint-live-talk-event,VWP-300-0029,XL,9900,9900,False,2022-03-25T08:17:46+09:00,2026-08-30T14:28:40+09:00,2022-03-25T08:15:32+09:00,2026-08-30T14:28:40+09:00,"fy-16, V.W.P",https://cdn.shopify.com/s/files/1/0551/7692/1261/products/MagicCircle_01.jpg?v=1648636856
7634035638520,【V.W.P】The Coven TEE KAF／1st ONE-MAN LIVE「現象」／「魔女集会」JOINT LIVE & TALK EVENT,v-w-p-the-coven-tee-kaf-1st-one-man-live-現象-魔女集会-joint-live-talk-event,VWP-300-0030,M,4400,4400,False,2022-03-28T23:29:49+09:00,2026-08-30T14:28:40+09:00,2022-03-28T23:29:49+09:00,2026-08-30T14:28:40+09:00,"fy-16, V.W.P",https://cdn.shopify.com/s/files/1/0551/7692/1261/products/TheCovenTEEKAF.jpg?v=1648637883
7634035638520,【V.W.P】The Coven TEE KAF／1st ONE-MAN LIVE「現象」／「魔女集会」JOINT LIVE & TALK EVENT,v-w-p-the-coven-tee-kaf-1st-one-man-live-現象-魔女集会-joint-live-talk-event,VWP-300-0031,L,4400,4400,False,2022-03-28T23:29:49+09:00,2026-08-30T14:28:40+09:00,2022-03-28T23:29:49+09:00,2026-08-30T14:28:40+09:00,"fy-16, V.W.P",https://cdn.shopify.com/s/files/1/0551/7692/1261/products/TheCovenTEEKAF.jpg?v=1648637883
7634035638520,【V.W.P】The Coven TEE KAF／1st ONE-MAN LIVE「現象」／「魔女集会」JOINT LIVE & TALK EVENT,v-w-p-the-coven-tee-kaf-1st-one-man-live-現象-魔女集会-joint-live-talk-event,VWP-300-0032,XL,4400,4400,False,2022-03-28T23:29:49+09:00,2026-08-30T14:28:40+09:00,2022-03-28T23:29:49+09:00,2026-08-30T14:28:40+09:00,"fy-16, V.W.P",https://cdn.shopify.com/s/files/1/0551/7692/1261/products/TheCovenTEEKAF.jpg?v=1648637883
7635454165240,【V.W.P】The Coven TEE HARUSARUHI／1st ONE-MAN LIVE「現象」／「魔女集会」JOINT LIVE & TALK EVENT,v-w-p-the-coven-tee-harusaruhi-1st-one-man-live-現象-魔女集会-joint-live-talk-event,VWP-300-0036,M,4400,4400,False,2022-03-29T10:31:14+09:00,2026-08-30T14:28:40+09:00,2022-03-29T10:31:14+09:00,2026-08-30T14:28:40+09:00,"fy-16, V.W.P",https://cdn.shopify.com/s/files/1/0551/7692/1261/products/TheCovenTEEHARUSARUHI.jpg?v=1648637819
7635454165240,【V.W.P】The Coven TEE HARUSARUHI／1st ONE-MAN LIVE「現象」／「魔女集会」JOINT LIVE & TALK EVENT,v-w-p-the-coven-tee-harusaruhi-1st-one-man-live-現象-魔女集会-joint-live-talk-event,VWP-300-0037,L,4400,4400,False,2022-03-29T10:31:14+09:00,2026-08-30T14:28:40+09:00,2022-03-29T10:31:14+09:00,2026-08-30T14:28:40+09:00,"fy-16, V.W.P",https://cdn.shopify.com/s/files/1/0551/7692/1261/products/TheCovenTEEHARUSARUHI.jpg?v=1648637819
7635454165240,【V.W.P】The Coven TEE HARUSARUHI／1st ONE-MAN LIVE「現象」／「魔女集会」JOINT LIVE & TALK EVENT,v-w-p-the-coven-tee-harusaruhi-1st-one-man-live-現象-魔女集会-joint-live-talk-event,VWP-300-0038,XL,4400,4400,False,2022-03-29T10:31:14+09:00,2026-08-30T14:28:40+09:00,2022-03-29T10:31:14+09:00,2026-08-30T14:28:40+09:00,"fy-16, V.W.P",https://cdn.shopify.com/s/files/1/0551/7692/1261/products/TheCovenTEEHARUSARUHI.jpg?v=1648637819
7634060443896,【V.W.P】The Coven TEE ISEKAI JOUCHO／1st ONE-MAN LIVE「現象」／「魔女集会」JOINT LIVE & TALK EVENT,v-w-p-the-coven-tee-isekai-joucho-1st-one-man-live-現象-魔女集会-joint-live-talk-event,VWP-300-0039,M,4400,4400,False,2022-03-28T23:45:29+09:00,2026-08-30T14:28:40+09:00,2022-03-28T23:45:29+09:00,2026-08-30T14:28:40+09:00,"fy-16, V.W.P",https://cdn.shopify.com/s/files/1/0551/7692/1261/products/TheCovenTEEISEKAIJOUCHO.jpg?v=1648637854
7634060443896,【V.W.P】The Coven TEE ISEKAI JOUCHO／1st ONE-MAN LIVE「現象」／「魔女集会」JOINT LIVE & TALK EVENT,v-w-p-the-coven-tee-isekai-joucho-1st-one-man-live-現象-魔女集会-joint-live-talk-event,VWP-300-0040,L,4400,4400,False,2022-03-28T23:45:29+09:00,2026-08-30T14:28:40+09:00,2022-03-28T23:45:29+09:00,2026-08-30T14:28:40+09:00,"fy-16, V.W.P",https://cdn.shopify.com/s/files/1/0551/7692/1261/products/TheCovenTEEISEKAIJOUCHO.jpg?v=1648637854
7634060443896,【V.W.P】The Coven TEE ISEKAI JOUCHO／1st ONE-MAN LIVE「現象」／「魔女集会」JOINT LIVE & TALK EVENT,v-w-p-the-coven-tee-isekai-joucho-1st-one-man-live-現象-魔女集会-joint-live-talk-event,VWP-300-0041,XL,4400,4400,False,2022-03-28T23:45:29+09:00,2026-08-30T14:28:40+09:00,2022-03-28T23:45:29+09:00,2026-08-30T14:28:40+09:00,"fy-16, V.W.P",https://cdn.shopify.com/s/files/1/0551/7692/1261/products/TheCovenTEEISEKAIJOUCHO.jpg?v=1648637854
7634065752312,【V.W.P】The Coven TEE KOKO／1st ONE-MAN LIVE「現象」／「魔女集会」JOINT LIVE & TALK EVENT,v-w-p-the-coven-tee-koko-1st-one-man-live-現象-魔女集会-joint-live-talk-event,VWP-300-0042,M,4400,4400,False,2022-03-28T23:48:09+09:00,2026-08-30T14:28:40+09:00,2022-03-28T23:48:09+09:00,2026-08-30T14:28:40+09:00,"fy-16, V.W.P",https://cdn.shopify.com/s/files/1/0551/7692/1261/products/TheCovenTEEKOKO.jpg?v=1648637916
7634065752312,【V.W.P】The Coven TEE KOKO／1st ONE-MAN LIVE「現象」／「魔女集会」JOINT LIVE & TALK EVENT,v-w-p-the-coven-tee-koko-1st-one-man-live-現象-魔女集会-joint-live-talk-event,VWP-300-0043,L,4400,4400,False,2022-03-28T23:48:09+09:00,2026-08-30T14:28:40+09:00,2022-03-28T23:48:09+09:00,2026-08-30T14:28:40+09:00,"fy-16, V.W.P",https://cdn.shopify.com/s/files/1/0551/7692/1261/products/TheCovenTEEKOKO.jpg?v=1648637916
7634065752312,【V.W.P】The Coven TEE KOKO／1st ONE-MAN LIVE「現象」／「魔女集会」JOINT LIVE & TALK EVENT,v-w-p-the-coven-tee-koko-1st-one-man-live-現象-魔女集会-joint-live-talk-event,VWP-300-0044,XL,4400,4400,False,2022-03-28T23:48:09+09:00,2026-08-30T14:28:40+09:00,2022-03-28T23:48:09+09:00,2026-08-30T14:28:40+09:00,"fy-16, V.W.P",https://cdn.shopify.com/s/files/1/0551/7692/1261/products/TheCovenTEEKOKO.jpg?v=1648637916
7635128811768,【V.W.P】ミニキャラぬいぐるみ 花譜／1st ONE-MAN LIVE「現象」／「魔女集会」JOINT LIVE & TALK EVENT,v-w-p-ミニキャラぬいぐるみ-花譜-1st-one-man-live-現象-魔女集会-joint-live-talk-event,VWP-300-0045,Default Title,3300,3300,False,2022-03-29T08:34:23+09:00,2026-08-30T14:28:40+09:00,2022-03-29T08:34:23+09:00,2026-08-30T14:28:40+09:00,"fy-16, V.W.P",https://cdn.shopify.com/s/files/1/0551/7692/1261/products/01_84111ad0-a41b-45c3-8829-72389ce07fe5.jpg?v=1649215124
7635445121272,【V.W.P】ミニキャラぬいぐるみ ヰ世界情緒／1st ONE-MAN LIVE「現象」／「魔女集会」JOINT LIVE & TALK EVENT,v-w-p-ミニキャラぬいぐるみ-ヰ世界情緒-1st-one-man-live-現象-魔女集会-joint-live-talk-event,VWP-300-0048,Default Title,3300,3300,False,2022-03-29T10:27:55+09:00,2026-08-30T14:28:40+09:00,2022-03-29T10:27:55+09:00,2026-08-30T14:28:40+09:00,"fy-16, V.W.P",https://cdn.shopify.com/s/files/1/0551/7692/1261/products/01_c8b0151d-35a6-4674-8065-6821a1812031.jpg?v=1649214903
7635481002232,【V.W.P】The Coven Towel KAF／1st ONE-MAN LIVE「現象」／「魔女集会」JOINT LIVE & TALK EVENT,v-w-p-the-coven-towel-kaf-1st-one-man-live-現象-魔女集会-joint-live-talk-event,VWP-300-0051,Default Title,2200,2200,False,2022-03-29T10:44:38+09:00,2026-08-30T14:28:40+09:00,2022-03-29T10:44:38+09:00,2026-08-30T14:28:40+09:00,"fy-16, V.W.P",https://cdn.shopify.com/s/files/1/0551/7692/1261/products/TheCovenTowelKAF.jpg?v=1648692188
7635487686904,【V.W.P】The Coven Towel RIM／1st ONE-MAN LIVE「現象」／「魔女集会」JOINT LIVE & TALK EVENT,v-w-p-the-coven-towel-rim-1st-one-man-live-現象-魔女集会-joint-live-talk-event,VWP-300-0052,Default Title,2200,2200,False,2022-03-29T10:48:22+09:00,2026-08-30T14:28:40+09:00,2022-03-29T10:48:22+09:00,2026-08-30T14:28:40+09:00,"fy-16, V.W.P",https://cdn.shopify.com/s/files/1/0551/7692/1261/products/TheCovenTowelRIM.jpg?v=1648636999
7635490767096,【V.W.P】The Coven Towel HARUSARUHI／1st ONE-MAN LIVE「現象」／「魔女集会」JOINT LIVE & TALK EVENT,v-w-p-the-coven-towel-harusaruhi-1st-one-man-live-現象-魔女集会-joint-live-talk-event,VWP-300-0053,Default Title,2200,2200,False,2022-03-29T10:50:14+09:00,2026-08-30T14:28:40+09:00,2022-03-29T10:50:14+09:00,2026-08-30T14:28:40+09:00,"fy-16, V.W.P",https://cdn.shopify.com/s/files/1/0551/7692/1261/products/TheCovenTowelHARUSARUHI.jpg?v=1648692002
7635492765944,【V.W.P】The Coven Towel ISEKAI JOUCHO／1st ONE-MAN LIVE「現象」／「魔女集会」JOINT LIVE & TALK EVENT,v-w-p-the-coven-towel-isekai-joucho-1st-one-man-live-現象-魔女集会-joint-live-talk-event,VWP-300-0054,Default Title,2200,2200,False,2022-03-29T10:51:20+09:00,2026-08-30T14:28:40+09:00,2022-03-29T10:51:20+09:00,2026-08-30T14:28:40+09:00,"fy-16, V.W.P",https://cdn.shopify.com/s/files/1/0551/7692/1261/products/TheCovenTowelISEKAIJOUCHO.jpg?v=1648636936
7635496534264,【V.W.P】The Coven Towel KOKO／1st ONE-MAN LIVE「現象」／「魔女集会」JOINT LIVE & TALK EVENT,v-w-p-the-coven-towel-koko-1st-one-man-live-現象-魔女集会-joint-live-talk-event,VWP-300-0055,Default Title,2200,2200,False,2022-03-29T10:52:53+09:00,2026-08-30T14:28:40+09:00,2022-03-29T10:52:53+09:00,2026-08-30T14:28:40+09:00,"fy-16, V.W.P",https://cdn.shopify.com/s/files/1/0551/7692/1261/products/TheCovenTowelKOKO.jpg?v=1648692304
7635618791672,【V.W.P】Magic Circle マルシェバッグ／1st ONE-MAN LIVE「現象」／「魔女集会」JOINT LIVE & TALK EVENT,v-w-p-magic-circle-マルシェバッグ-1st-one-man-live-現象-魔女集会-joint-live-talk-event,VWP-300-0061,Default Title,6600,6600,False,2022-03-29T11:38:41+09:00,2026-08-30T14:28:40+09:00,2022-03-29T11:38:41+09:00,2026-08-30T14:28:40+09:00,"fy-16, V.W.P",https://cdn.shopify.com/s/files/1/0551/7692/1261/products/MagicCircle_01_f15ff331-950e-4d04-9172-fff350cedf18.jpg?v=1648636885
7635641958648,【V.W.P】CDジャケット型アクリルキーホルダー「電脳」／1st ONE-MAN LIVE「現象」／「魔女集会」JOINT LIVE & TALK EVENT,v-w-p-cdジャケット型アクリルキーホルダー-電脳-1st-one-man-live-現象-魔女集会-joint-live-talk-event,VWP-300-0062,Default Title,1320,1320,False,2022-03-29T11:48:40+09:00,2026-08-30T14:28:40+09:00,2022-03-29T11:48:40+09:00,2026-08-30T14:28:40+09:00,"fy-16, V.W.P",https://cdn.shopify.com/s/files/1/0551/7692/1261/products/CD_01_58e994be-413f-41df-bfad-9b27fa846137.jpg?v=1648636816
7635646710008,【V.W.P】CDジャケット型アクリルキーホルダー「変身」／1st ONE-MAN LIVE「現象」／「魔女集会」JOINT LIVE & TALK EVENT,v-w-p-cdジャケット型アクリルキーホルダー-変身-1st-one-man-live-現象-魔女集会-joint-live-talk-event,VWP-300-0063,Default Title,1320,1320,False,2022-03-29T11:51:20+09:00,2026-08-30T14:28:40+09:00,2022-03-29T11:51:20+09:00,2026-08-30T14:28:40+09:00,"fy-16, V.W.P",https://cdn.shopify.com/s/files/1/0551/7692/1261/products/CD_01.jpg?v=1648633690
7635651625208,【V.W.P】CDジャケット型アクリルキーホルダー「輪廻」／1st ONE-MAN LIVE「現象」／「魔女集会」JOINT LIVE & TALK EVENT,v-w-p-cdジャケット型アクリルキーホルダー-輪廻-1st-one-man-live-現象-魔女集会-joint-live-talk-event,VWP-300-0064,Default Title,1320,1320,False,2022-03-29T11:52:55+09:00,2026-08-30T14:28:40+09:00,2022-03-29T11:52:54+09:00,2026-08-30T14:28:40+09:00,"fy-16, V.W.P",https://cdn.shopify.com/s/files/1/0551/7692/1261/products/CD_01_8ede1755-b964-4ecf-a6c9-9d9c2a679e02.jpg?v=1648636788
7635656868088,【V.W.P】CDジャケット型アクリルキーホルダー「言霊」／1st ONE-MAN LIVE「現象」／「魔女集会」JOINT LIVE & TALK EVENT,v-w-p-cdジャケット型アクリルキーホルダー-言霊-1st-one-man-live-現象-魔女集会-joint-live-talk-event,VWP-300-0065,Default Title,1320,1320,False,2022-03-29T11:54:40+09:00,2026-08-30T14:28:40+09:00,2022-03-29T11:54:40+09:00,2026-08-30T14:28:40+09:00,"fy-16, V.W.P",https://cdn.shopify.com/s/files/1/0551/7692/1261/products/CD_01_95712ab8-fc95-42e6-9e9d-a692f1dae038.jpg?v=1648634299
7635671679224,【V.W.P】「現象」キービジュアルポスター／1st ONE-MAN LIVE「現象」／「魔女集会」JOINT LIVE & TALK EVENT,v-w-p-現象-キービジュアルポスター-1st-one-man-live-現象-魔女集会-joint-live-talk-event,VWP-300-0068,Default Title,550,550,False,2022-03-29T12:00:55+09:00,2026-08-30T14:28:40+09:00,2022-03-29T12:00:55+09:00,2026-08-30T14:28:40+09:00,"fy-16, V.W.P",https://cdn.shopify.com/s/files/1/0551/7692/1261/products/VWP_B2.jpg?v=1648697957
6995266207917,【V.W.P】アートパネル／「魔女展」,v-w-p-アートパネル-魔女展,35D-300-0062,Default Title,13200,13200,False,2021-10-06T07:39:10+09:00,2026-08-30T14:28:40+09:00,2021-10-06T07:39:10+09:00,2026-08-30T14:28:40+09:00,"fy-15, V.W.P",https://cdn.shopify.com/s/files/1/0551/7692/1261/products/d323c4e9-992d-497a-a9e1-b80d73e8c1cb.jpg?v=1675162707
7842140619000,【V.W.P】EP「再会」,vwp_ep_saikai,KTR-000-0085,通常盤,1500,1500,False,2022-11-16T19:48:08+09:00,2026-08-30T14:28:40+09:00,2022-10-14T17:04:21+09:00,2026-08-30T14:28:40+09:00,"fy-16, V.W.P",https://cdn.shopify.com/s/files/1/0551/7692/1261/products/vwp____H1_0929.jpg?v=1665737362
7842140619000,【V.W.P】EP「再会」,vwp_ep_saikai,KTR-000-0074,初回盤,1500,1500,False,2022-11-16T19:48:08+09:00,2026-08-30T14:28:40+09:00,2022-10-14T17:04:21+09:00,2026-08-30T14:28:40+09:00,"fy-16, V.W.P",https://cdn.shopify.com/s/files/1/0551/7692/1261/products/vwp____H1_0929.jpg?v=1665737362
7586023735544,【V.W.P】現象＆魔女集会ライブパンフレット／1st ONE-MAN LIVE「現象」／「魔女集会」JOINT LIVE & TALK EVENT,v-w-p220222,VWP-300-0025,Default Title,3300,3300,False,2022-02-16T18:55:23+09:00,2026-08-30T14:28:40+09:00,2022-02-16T18:55:23+09:00,2026-08-30T14:28:40+09:00,"fy-15, V.W.P",https://cdn.shopify.com/s/files/1/0551/7692/1261/products/6d870dc657c42574788bff825f4d2cbb.jpg?v=1645005324
7635590217976,【V.W.P】The Phenomenon ART PANEL KAF／1st ONE-MAN LIVE「現象」／「魔女集会」JOINT LIVE & TALK EVENT,v-w-p-the-phenomenon-art-panel-kaf-1st-one-man-live-現象-魔女集会-joint-live-talk-event,VWP-300-0056,Default Title,9350,9350,False,2022-03-29T11:25:18+09:00,2026-08-30T14:28:40+09:00,2022-03-29T11:25:18+09:00,2026-08-30T14:28:40+09:00,"fy-16, V.W.P",https://cdn.shopify.com/s/files/1/0551/7692/1261/products/ThePhenomenonARTPANELKAF01.jpg?v=1648637286
7635606175992,【V.W.P】The Phenomenon ART PANEL RIM／1st ONE-MAN LIVE「現象」／「魔女集会」JOINT LIVE & TALK EVENT,v-w-p-the-phenomenon-art-panel-rim-1st-one-man-live-現象-魔女集会-joint-live-talk-event,VWP-300-0057,Default Title,9350,9350,False,2022-03-29T11:31:52+09:00,2026-08-30T14:28:40+09:00,2022-03-29T11:31:52+09:00,2026-08-30T14:28:40+09:00,"fy-16, V.W.P",https://cdn.shopify.com/s/files/1/0551/7692/1261/products/ThePhenomenonARTPANELRIM01.jpg?v=1648637349
7635608830200,【V.W.P】The Phenomenon ART PANEL HARUSARUHI／1st ONE-MAN LIVE「現象」／「魔女集会」JOINT LIVE & TALK EVENT,v-w-p-the-phenomenon-art-panel-harusaruhi-1st-one-man-live-現象-魔女集会-joint-live-talk-event,VWP-300-0058,Default Title,9350,9350,False,2022-03-29T11:33:09+09:00,2026-08-30T14:28:40+09:00,2022-03-29T11:33:09+09:00,2026-08-30T14:28:40+09:00,"fy-16, V.W.P",https://cdn.shopify.com/s/files/1/0551/7692/1261/products/ThePhenomenonARTPANELHARUSARUHI01.jpg?v=1648637039
7635611156728,【V.W.P】The Phenomenon ART PANEL ISEKAI JOUCHO／1st ONE-MAN LIVE「現象」／「魔女集会」JOINT LIVE & TALK EVENT,v-w-p-the-phenomenon-art-panel-isekai-joucho-1st-one-man-live-現象-魔女集会-joint-live-talk-event,VWP-300-0059,Default Title,9350,9350,False,2022-03-29T11:34:26+09:00,2026-08-30T14:28:40+09:00,2022-03-29T11:34:26+09:00,2026-08-30T14:28:40+09:00,"fy-16, V.W.P",https://cdn.shopify.com/s/files/1/0551/7692/1261/products/ThePhenomenonARTPANELISEKAIJOUCHO01.jpg?v=1648637103
7635613286648,【V.W.P】The Phenomenon ART PANEL KOKO／1st ONE-MAN LIVE「現象」／「魔女集会」JOINT LIVE & TALK EVENT,v-w-p-the-phenomenon-art-panel-koko-1st-one-man-live-現象-魔女集会-joint-live-talk-event,VWP-300-0060,Default Title,9350,9350,False,2022-03-29T11:35:41+09:00,2026-08-30T14:28:40+09:00,2022-03-29T11:35:41+09:00,2026-08-30T14:28:40+09:00,"fy-16, V.W.P",https://cdn.shopify.com/s/files/1/0551/7692/1261/products/ThePhenomenonARTPANELKOKO_5cab2989-df1c-4062-9c85-ba31dae291b3.jpg?v=1648637318
7507944538360,【V.W.P】EMOJI Tシャツ／V.W.P展,v-w-p-emoji-tシャツ-v-w-p展,VWP-300-0017,M,5830,5830,False,2021-12-27T19:03:28+09:00,2026-08-30T14:28:40+09:00,2021-12-27T17:01:12+09:00,2026-08-30T14:28:40+09:00,"fy-15, V.W.P",https://cdn.shopify.com/s/files/1/0551/7692/1261/products/R__1436ok.jpg?v=1640599154
7507944538360,【V.W.P】EMOJI Tシャツ／V.W.P展,v-w-p-emoji-tシャツ-v-w-p展,VWP-300-0018,L,5830,5830,False,2021-12-27T19:03:28+09:00,2026-08-30T14:28:40+09:00,2021-12-27T17:01:12+09:00,2026-08-30T14:28:40+09:00,"fy-15, V.W.P",https://cdn.shopify.com/s/files/1/0551/7692/1261/products/R__1436ok.jpg?v=1640599154
7507944538360,【V.W.P】EMOJI Tシャツ／V.W.P展,v-w-p-emoji-tシャツ-v-w-p展,VWP-300-0019,XL,5830,5830,False,2021-12-27T19:03:28+09:00,2026-08-30T14:28:40+09:00,2021-12-27T17:01:12+09:00,2026-08-30T14:28:40+09:00,"fy-15, V.W.P",https://cdn.shopify.com/s/files/1/0551/7692/1261/products/R__1436ok.jpg?v=1640599154
7509025882360,【V.W.P】Skate Board Key Holder／V.W.P展,v-w-p-skate-board-key-holder-v-w-p展,VWP-300-0023,Default Title,2200,2200,False,2021-12-28T12:25:34+09:00,2026-08-30T14:28:40+09:00,2021-12-28T12:25:34+09:00,2026-08-30T14:28:40+09:00,"fy-15, V.W.P",https://cdn.shopify.com/s/files/1/0551/7692/1261/products/1K7A0055ok.jpg?v=1640661962
7509036663032,【V.W.P】Sticker Pack／V.W.P展,v-w-p-sticker-pack-v-w-p展,VWP-300-0024,Default Title,1650,1650,False,2021-12-28T12:34:09+09:00,2026-08-30T14:28:40+09:00,2021-12-28T12:34:09+09:00,2026-08-30T14:28:40+09:00,"fy-15, V.W.P",https://cdn.shopify.com/s/files/1/0551/7692/1261/products/KR__9582ok.jpg?v=1640662602
7509041381624,【V.W.P】言霊  Cassette Tape／V.W.P展,v-w-p-言霊-cassette-tape-v-w-p展,KTR-000-0062,Default Title,2750,2750,False,2021-12-28T12:38:42+09:00,2026-08-30T14:28:40+09:00,2021-12-28T12:38:42+09:00,2026-08-30T14:28:40+09:00,"fy-15, V.W.P",https://cdn.shopify.com/s/files/1/0551/7692/1261/products/K__8719ok.jpg?v=1640662820
7352090919160,【V.W.P】Double Aside Single「輪廻 / 変身」,v-w-p-double-aside-single-輪廻-変身,KTR-000-0048,Default Title,1500,1500,False,2021-10-28T18:04:26+09:00,2026-08-30T14:28:40+09:00,2021-10-28T18:04:26+09:00,2026-08-30T14:28:40+09:00,"fy-15, V.W.P",https://cdn.shopify.com/s/files/1/0551/7692/1261/products/V.W.PDoubleAsideSingle.jpg?v=1635411926
7491447062776,【V.W.P】トレーディングカード「CHAPTER 3」／Double Aside Single「輪廻 / 変身」,v-w-p-トレーディングカード-chapter3-変身,VWP-300-0016,Default Title,2200,2200,False,2021-12-09T12:29:58+09:00,2026-08-30T14:28:40+09:00,2021-12-09T12:29:58+09:00,2026-08-30T14:28:40+09:00,"fy-15, V.W.P",https://cdn.shopify.com/s/files/1/0551/7692/1261/products/K__1498okd.jpg?v=1639281923
7352078598392,【V.W.P】総柄ビックシルエットパーカー／Double Aside Single「輪廻 / 変身」,v-w-p-総柄ビックシルエットパーカー,VWP-300-0009,Default Title,9900,9900,False,2021-10-28T17:30:19+09:00,2026-08-30T14:28:40+09:00,2021-10-28T17:30:18+09:00,2026-08-30T14:28:40+09:00,"fy-15, V.W.P",https://cdn.shopify.com/s/files/1/0551/7692/1261/products/01_e9b4f1d9-b90e-40df-9368-95ad952fa9bb.jpg?v=1635409821
7352084005112,【V.W.P】トレーディングカード「CHAPTER 2」／Double Aside Single「輪廻 / 変身」,v-w-p-トレーディングカード-chapter-2,VWP-300-0010,Default Title,2200,2200,False,2021-10-28T17:40:42+09:00,2026-08-30T14:28:40+09:00,2021-10-28T17:40:41+09:00,2026-08-30T14:28:40+09:00,"fy-15, V.W.P",https://cdn.shopify.com/s/files/1/0551/7692/1261/products/CHAPTER2_01.jpg?v=1635410444
7352088101112,【V.W.P】つながるジョイント式キーホルダー 花譜 ver.／Double Aside Single「輪廻 / 変身」,v-w-p-つながるジョイント式キーホルダー-花譜-ver,VWP-300-0011,Default Title,1430,1430,False,2021-10-28T17:46:05+09:00,2026-08-30T14:28:40+09:00,2021-10-28T17:46:05+09:00,2026-08-30T14:28:40+09:00,"fy-15, V.W.P",https://cdn.shopify.com/s/files/1/0551/7692/1261/products/ver._61f30dcf-8454-47ec-91ad-d4aa04b2bc7a.jpg?v=1635410768
7352088166648,【V.W.P】つながるジョイント式キーホルダー 理芽 ver.／Double Aside Single「輪廻 / 変身」,v-w-p-つながるジョイント式キーホルダー-理芽-ver,VWP-300-0012,Default Title,1430,1430,False,2021-10-28T17:46:37+09:00,2026-08-30T14:28:40+09:00,2021-10-28T17:46:37+09:00,2026-08-30T14:28:40+09:00,"fy-15, V.W.P",https://cdn.shopify.com/s/files/1/0551/7692/1261/products/ver._45eaf174-8922-4288-a0ad-d136b7f31adb.jpg?v=1635410825
7352088690936,【V.W.P】つながるジョイント式キーホルダー 春猿火 ver.／Double Aside Single「輪廻 / 変身」,v-w-p-つながるジョイント式キーホルダー-春猿火-ver,VWP-300-0013,Default Title,1430,1430,False,2021-10-28T17:52:26+09:00,2026-08-30T14:28:40+09:00,2021-10-28T17:52:26+09:00,2026-08-30T14:28:40+09:00,"fy-15, V.W.P",https://cdn.shopify.com/s/files/1/0551/7692/1261/products/ver._c3ae9ebc-f6d1-4071-8278-e59bb7881a2b.jpg?v=1635411174
7352088887544,【V.W.P】つながるジョイント式キーホルダー ヰ世界情緒 ver.／Double Aside Single「輪廻 / 変身」,v-w-p-つながるジョイント式キーホルダー-ヰ世界情緒-ver,VWP-300-0014,Default Title,1430,1430,False,2021-10-28T17:54:45+09:00,2026-08-30T14:28:40+09:00,2021-10-28T17:54:45+09:00,2026-08-30T14:28:40+09:00,"fy-15, V.W.P",https://cdn.shopify.com/s/files/1/0551/7692/1261/products/ver._121afeef-e2e1-4b70-b1be-8bbec8a685b7.jpg?v=1635411305
7352088985848,【V.W.P】つながるジョイント式キーホルダー 幸祜 ver.／Double Aside Single「輪廻 / 変身」,v-w-p-つながるジョイント式キーホルダー-幸祜-ver,VWP-300-0015,Default Title,1430,1430,False,2021-10-28T17:55:44+09:00,2026-08-30T14:28:40+09:00,2021-10-28T17:55:44+09:00,2026-08-30T14:28:40+09:00,"fy-15, V.W.P",https://cdn.shopify.com/s/files/1/0551/7692/1261/products/ver._5783679d-5e79-4c4a-94c7-ae0b2953b503.jpg?v=1635411368
6855367065773,【V.W.P】トレーディングカードCollection4／「魔女展」,v-w-p-トレーディングカードcollection4-魔女展,35D-300-0063,Default Title,1100,1100,False,2021-08-04T08:47:21+09:00,2026-08-30T14:28:40+09:00,2021-08-04T08:47:20+09:00,2026-08-30T14:28:40+09:00,"fy-14, V.W.P",https://cdn.shopify.com/s/files/1/0551/7692/1261/products/1_0d2518ab-208c-46ee-82ef-d56e8cf8e880.jpg?v=1628594556
7517365666040,"【KAMITSUBAKI STUDIO】KAMITSUBAKI STUDIO ART BOOK「MUSIC,ART,STORY,EXPERIENCE」／KAMITSUBAKI STUDIOコミケ出展記念「V.W.P FANTASY」",kamitsubaki-studio-kamitsubaki-studio-art-book-music-art-story-experience-kamitsubaki-studioコミケ出展記念-v-w-p-fantasy,KTS-300-0061,Default Title,2000,2000,False,2022-01-05T09:33:18+09:00,2026-08-30T14:28:40+09:00,2022-01-05T09:33:18+09:00,2026-08-30T14:28:40+09:00,"fy-15, V.W.P",https://cdn.shopify.com/s/files/1/0551/7692/1261/products/1_5df5815c-4105-448f-b6ff-9dc4c3124e77.jpg?v=1641890309
7517372514552,【KAMITSUBAKI STUDIO】「V.W.P FANTASY」コミケセット／KAMITSUBAKI STUDIOコミケ出展記念「V.W.P FANTASY」,kamitsubaki-studio-v-w-p-fantasy-コミケセット-kamitsubaki-studioコミケ出展記念-v-w-p-fantasy,KTS-300-0064,Default Title,15000,15000,False,2022-01-05T09:51:05+09:00,2026-08-30T14:28:40+09:00,2022-01-05T09:51:05+09:00,2026-08-30T14:28:40+09:00,"fy-15, V.W.P",https://cdn.shopify.com/s/files/1/0551/7692/1261/products/1_82cccc82-788a-43eb-9c51-73377b4a02e7.jpg?v=1641890460
7517370220792,【KAMITSUBAKI STUDIO】「V.W.P FANTASY」タペストリー／KAMITSUBAKI STUDIOコミケ出展記念「V.W.P FANTASY」,kamitsubaki-studio-v-w-p-fantasy-タペストリー-kamitsubaki-studioコミケ出展記念-v-w-p-fantasy,KTS-300-0063,Default Title,5000,5000,False,2022-01-05T09:47:08+09:00,2026-08-30T14:28:40+09:00,2022-01-05T09:47:08+09:00,2026-08-30T14:28:40+09:00,"fy-15, V.W.P",https://cdn.shopify.com/s/files/1/0551/7692/1261/products/faab895578dbee9a82d658b2bd555b48.jpg?v=1641890517
7517367501048,【KAMITSUBAKI STUDIO】「V.W.P FANTASY」複製原画 Illustration by PALOW.／KAMITSUBAKI STUDIOコミケ出展記念「V.W.P FANTASY」,kamitsubaki-studio-v-w-p-fantasy-複製原画-illustration-by-palow-kamitsubaki-studioコミケ出展記念-v-w-p-fantasy,KTS-300-0062,Default Title,15000,15000,False,2022-01-05T09:40:21+09:00,2026-08-30T14:28:40+09:00,2022-01-05T09:40:21+09:00,2026-08-30T14:28:40+09:00,"fy-15, V.W.P",https://cdn.shopify.com/s/files/1/0551/7692/1261/products/f5287a3a9ecfb513f9c7df4a74f9b331.jpg?v=1641890545
7764657242360,【V.W.P】セット／コミックマーケット100出展記念「納涼2022」,v-w-p-セット-コミックマーケット100出展記念-納涼2022,VWP-300-0075,Default Title,15000,15000,False,2022-07-29T08:56:05+09:00,2026-08-30T14:28:40+09:00,2022-07-29T08:56:05+09:00,2026-08-30T14:28:40+09:00,"fy-16, V.W.P",https://cdn.shopify.com/s/files/1/0551/7692/1261/products/SK_5173ok.jpg?v=1660281856
7764658094328,【V.W.P】夏祭りタペストリー／コミックマーケット100出展記念「納涼2022」,v-w-p-セット-コミックマーケット100出展記念-納涼2022-1,VWP-300-0076,Default Title,5000,5000,False,2022-07-29T08:57:41+09:00,2026-08-30T14:28:40+09:00,2022-07-29T08:57:41+09:00,2026-08-30T14:28:40+09:00,"fy-16, V.W.P",https://cdn.shopify.com/s/files/1/0551/7692/1261/products/SK_2360ok.jpg?v=1660115507
7764660125944,【KAMITSUBAKI STUDIO】ART BOOK Vol.2／コミックマーケット100出展記念「納涼2022」,kamitsubaki-studio-art-book-vol-2-コミックマーケット100出展記念-納涼2022,KTS-300-0078,Default Title,2000,2000,False,2022-07-29T09:02:06+09:00,2026-08-30T14:28:40+09:00,2022-07-29T09:02:06+09:00,2026-08-30T14:28:40+09:00,"fy-16, V.W.P",https://cdn.shopify.com/s/files/1/0551/7692/1261/products/SK_4861ok_f4229851-9881-452c-9fa5-9fd5f032f20d.jpg?v=1660115782
7984885694712,【V.W.P】「運命」SPECIAL BOX／1st ALBUM「運命」,ktr-000-0099,KTR-000-0099,Default Title,20000,20000,False,2023-04-25T16:27:45+09:00,2026-08-30T14:28:40+09:00,2023-04-25T16:27:45+09:00,2026-08-30T14:28:40+09:00,"fy-17, V.W.P",https://cdn.shopify.com/s/files/1/0551/7692/1261/files/7d8d6404b567d9875b0a89bc4b1b3ee6.jpg?v=1683083114
7984969023736,【V.W.P】「運命」（type：KAF）／1st ALBUM「運命」,ktr-000-0100,KTR-000-0100,Default Title,5000,5000,False,2023-04-25T23:19:21+09:00,2026-08-30T14:28:40+09:00,2023-04-25T23:19:21+09:00,2026-08-30T14:28:40+09:00,"fy-17, V.W.P",https://cdn.shopify.com/s/files/1/0551/7692/1261/files/656f822412ee481ab9ea9f9376713492.jpg?v=1683083366
7984972103928,【V.W.P】「運命」（type：RIM）／1st ALBUM「運命」,ktr-000-0101,KTR-000-0101,Default Title,5000,5000,False,2023-04-25T23:34:08+09:00,2026-08-30T14:28:40+09:00,2023-04-25T23:34:08+09:00,2026-08-30T14:28:40+09:00,"fy-17, V.W.P",https://cdn.shopify.com/s/files/1/0551/7692/1261/files/1f56e5964fb0576dae3bb5afcda3460a.jpg?v=1683083615
7984974692600,【V.W.P】「運命」（type：HARUSARUHI）／1st ALBUM「運命」,ktr-000-0102,KTR-000-0102,Default Title,5000,5000,False,2023-04-25T23:45:50+09:00,2026-08-30T14:28:40+09:00,2023-04-25T23:45:50+09:00,2026-08-30T14:28:40+09:00,"fy-17, V.W.P",https://cdn.shopify.com/s/files/1/0551/7692/1261/files/eef60461b09e52fb94ab0065c12758fa.jpg?v=1683083038
7984975053048,【V.W.P】「運命」（type：ISEKAIJOUCHO）／1st ALBUM「運命」,ktr-000-0103,KTR-000-0103,Default Title,5000,5000,False,2023-04-25T23:49:31+09:00,2026-08-30T14:28:40+09:00,2023-04-25T23:49:31+09:00,2026-08-30T14:28:40+09:00,"fy-17, V.W.P",https://cdn.shopify.com/s/files/1/0551/7692/1261/files/a3c2c88820fcb02e8a4e89775ab65f0c.jpg?v=1683083241
7984975610104,【V.W.P】「運命」（type：KOKO）／1st ALBUM「運命」,ktr-000-0104,KTR-000-0104,Default Title,5000,5000,False,2023-04-25T23:53:00+09:00,2026-08-30T14:28:40+09:00,2023-04-25T23:53:00+09:00,2026-08-30T14:28:40+09:00,"fy-17, V.W.P",https://cdn.shopify.com/s/files/1/0551/7692/1261/files/d943afe7668922c0f9326edd67b4418c.jpg?v=1683083500
8031081038072,【V.W.P】2023 Special Summer セット／KAMITSUBAKI STUDIO 2023 Special Summer goods,vwp-300-0091,VWP-300-0091,Default Title,15000,15000,False,2023-08-01T15:49:55+09:00,2026-08-30T14:28:40+09:00,2023-08-01T15:49:55+09:00,2026-08-30T14:28:40+09:00,"fy-17, V.W.P",https://cdn.shopify.com/s/files/1/0551/7692/1261/files/vwpspecialsummerset.jpg?v=1691006065
8031097684216,【V.W.P】ソロアクリルスタンド／KAMITSUBAKI STUDIO 2023 Special Summer goods,vwp-300-0096,VWP-300-0092,花譜,2200,2200,False,2023-08-03T05:19:06+09:00,2026-08-30T14:28:40+09:00,2023-08-01T17:03:07+09:00,2026-08-30T14:28:40+09:00,"fy-17, V.W.P",https://cdn.shopify.com/s/files/1/0551/7692/1261/files/vwpacrylstandset.jpg?v=1691008952
8031097684216,【V.W.P】ソロアクリルスタンド／KAMITSUBAKI STUDIO 2023 Special Summer goods,vwp-300-0096,VWP-300-0093,理芽,2200,2200,False,2023-08-03T05:19:06+09:00,2026-08-30T14:28:40+09:00,2023-08-01T17:03:07+09:00,2026-08-30T14:28:40+09:00,"fy-17, V.W.P",https://cdn.shopify.com/s/files/1/0551/7692/1261/files/vwpacrylstandset.jpg?v=1691008952
8031097684216,【V.W.P】ソロアクリルスタンド／KAMITSUBAKI STUDIO 2023 Special Summer goods,vwp-300-0096,VWP-300-0094,春猿火,2200,2200,False,2023-08-03T05:19:06+09:00,2026-08-30T14:28:40+09:00,2023-08-01T17:03:07+09:00,2026-08-30T14:28:40+09:00,"fy-17, V.W.P",https://cdn.shopify.com/s/files/1/0551/7692/1261/files/vwpacrylstandset.jpg?v=1691008952
8031097684216,【V.W.P】ソロアクリルスタンド／KAMITSUBAKI STUDIO 2023 Special Summer goods,vwp-300-0096,VWP-300-0095,ヰ世界情緒,2200,2200,False,2023-08-03T05:19:06+09:00,2026-08-30T14:28:40+09:00,2023-08-01T17:03:07+09:00,2026-08-30T14:28:40+09:00,"fy-17, V.W.P",https://cdn.shopify.com/s/files/1/0551/7692/1261/files/vwpacrylstandset.jpg?v=1691008952
8031097684216,【V.W.P】ソロアクリルスタンド／KAMITSUBAKI STUDIO 2023 Special Summer goods,vwp-300-0096,VWP-300-0096,幸祜,2200,2200,False,2023-08-03T05:19:06+09:00,2026-08-30T14:28:40+09:00,2023-08-01T17:03:07+09:00,2026-08-30T14:28:40+09:00,"fy-17, V.W.P",https://cdn.shopify.com/s/files/1/0551/7692/1261/files/vwpacrylstandset.jpg?v=1691008952
8042621403384,【V.W.P】事前物販限定 神椿代々木決戦ロングTシャツ「現象Ⅱ -魔女拡成-」 type：KAF／SINKA LIVE EP.Ⅴ V.W.P／2nd ONE-MAN LIVE「現象Ⅱ -魔女拡成-」グッズ第一弾,vwp-300-0118,VWP-300-0118,M,8250,8250,False,2023-08-24T16:18:31+09:00,2026-08-30T14:28:40+09:00,2023-08-24T16:14:17+09:00,2026-08-30T14:28:40+09:00,"fy-17, V.W.P",https://cdn.shopify.com/s/files/1/0551/7692/1261/files/lstee3.jpg?v=1695276319
8042621403384,【V.W.P】事前物販限定 神椿代々木決戦ロングTシャツ「現象Ⅱ -魔女拡成-」 type：KAF／SINKA LIVE EP.Ⅴ V.W.P／2nd ONE-MAN LIVE「現象Ⅱ -魔女拡成-」グッズ第一弾,vwp-300-0118,VWP-300-0119,L,8250,8250,False,2023-08-24T16:18:31+09:00,2026-08-30T14:28:40+09:00,2023-08-24T16:14:17+09:00,2026-08-30T14:28:40+09:00,"fy-17, V.W.P",https://cdn.shopify.com/s/files/1/0551/7692/1261/files/lstee3.jpg?v=1695276319
8042621403384,【V.W.P】事前物販限定 神椿代々木決戦ロングTシャツ「現象Ⅱ -魔女拡成-」 type：KAF／SINKA LIVE EP.Ⅴ V.W.P／2nd ONE-MAN LIVE「現象Ⅱ -魔女拡成-」グッズ第一弾,vwp-300-0118,VWP-300-0120,XL,8250,8250,False,2023-08-24T16:18:31+09:00,2026-08-30T14:28:40+09:00,2023-08-24T16:14:17+09:00,2026-08-30T14:28:40+09:00,"fy-17, V.W.P",https://cdn.shopify.com/s/files/1/0551/7692/1261/files/lstee3.jpg?v=1695276319
8042621829368,【V.W.P】事前物販限定 神椿代々木決戦ロングTシャツ「現象Ⅱ -魔女拡成-」 type：RIM／SINKA LIVE EP.Ⅴ V.W.P／2nd ONE-MAN LIVE「現象Ⅱ -魔女拡成-」グッズ第一弾,vwp-300-0121,VWP-300-0121,M,8250,8250,False,2023-08-24T16:20:01+09:00,2026-08-30T14:28:40+09:00,2023-08-24T16:20:01+09:00,2026-08-30T14:28:40+09:00,"fy-17, V.W.P",https://cdn.shopify.com/s/files/1/0551/7692/1261/files/lstee2.jpg?v=1695276363
8042621829368,【V.W.P】事前物販限定 神椿代々木決戦ロングTシャツ「現象Ⅱ -魔女拡成-」 type：RIM／SINKA LIVE EP.Ⅴ V.W.P／2nd ONE-MAN LIVE「現象Ⅱ -魔女拡成-」グッズ第一弾,vwp-300-0121,VWP-300-0122,L,8250,8250,False,2023-08-24T16:20:01+09:00,2026-08-30T14:28:40+09:00,2023-08-24T16:20:01+09:00,2026-08-30T14:28:40+09:00,"fy-17, V.W.P",https://cdn.shopify.com/s/files/1/0551/7692/1261/files/lstee2.jpg?v=1695276363
8042621829368,【V.W.P】事前物販限定 神椿代々木決戦ロングTシャツ「現象Ⅱ -魔女拡成-」 type：RIM／SINKA LIVE EP.Ⅴ V.W.P／2nd ONE-MAN LIVE「現象Ⅱ -魔女拡成-」グッズ第一弾,vwp-300-0121,VWP-300-0123,XL,8250,8250,False,2023-08-24T16:20:01+09:00,2026-08-30T14:28:40+09:00,2023-08-24T16:20:01+09:00,2026-08-30T14:28:40+09:00,"fy-17, V.W.P",https://cdn.shopify.com/s/files/1/0551/7692/1261/files/lstee2.jpg?v=1695276363
8042622157048,【V.W.P】事前物販限定 神椿代々木決戦ロングTシャツ「現象Ⅱ -魔女拡成-」 type：HARUSARUHI／SINKA LIVE EP.Ⅴ V.W.P／2nd ONE-MAN LIVE「現象Ⅱ -魔女拡成-」グッズ第一弾,vwp-300-0124,VWP-300-0124,M,8250,8250,False,2023-08-24T16:24:08+09:00,2026-08-30T14:28:40+09:00,2023-08-24T16:24:08+09:00,2026-08-30T14:28:40+09:00,"fy-17, V.W.P",https://cdn.shopify.com/s/files/1/0551/7692/1261/files/lstee6.jpg?v=1695276290
8042622157048,【V.W.P】事前物販限定 神椿代々木決戦ロングTシャツ「現象Ⅱ -魔女拡成-」 type：HARUSARUHI／SINKA LIVE EP.Ⅴ V.W.P／2nd ONE-MAN LIVE「現象Ⅱ -魔女拡成-」グッズ第一弾,vwp-300-0124,VWP-300-0125,L,8250,8250,False,2023-08-24T16:24:08+09:00,2026-08-30T14:28:40+09:00,2023-08-24T16:24:08+09:00,2026-08-30T14:28:40+09:00,"fy-17, V.W.P",https://cdn.shopify.com/s/files/1/0551/7692/1261/files/lstee6.jpg?v=1695276290
8042622157048,【V.W.P】事前物販限定 神椿代々木決戦ロングTシャツ「現象Ⅱ -魔女拡成-」 type：HARUSARUHI／SINKA LIVE EP.Ⅴ V.W.P／2nd ONE-MAN LIVE「現象Ⅱ -魔女拡成-」グッズ第一弾,vwp-300-0124,VWP-300-0126,XL,8250,8250,False,2023-08-24T16:24:08+09:00,2026-08-30T14:28:40+09:00,2023-08-24T16:24:08+09:00,2026-08-30T14:28:40+09:00,"fy-17, V.W.P",https://cdn.shopify.com/s/files/1/0551/7692/1261/files/lstee6.jpg?v=1695276290
8042622386424,【V.W.P】事前物販限定 神椿代々木決戦ロングTシャツ「現象Ⅱ -魔女拡成-」 type：ISEKAIJOUCHO／SINKA LIVE EP.Ⅴ V.W.P／2nd ONE-MAN LIVE「現象Ⅱ -魔女拡成-」グッズ第一弾,vwp-300-0127,VWP-300-0127,M,8250,8250,False,2023-08-24T16:28:18+09:00,2026-08-30T14:28:40+09:00,2023-08-24T16:28:18+09:00,2026-08-30T14:28:40+09:00,"fy-17, V.W.P",https://cdn.shopify.com/s/files/1/0551/7692/1261/files/lstee4.jpg?v=1695276304
8042622386424,【V.W.P】事前物販限定 神椿代々木決戦ロングTシャツ「現象Ⅱ -魔女拡成-」 type：ISEKAIJOUCHO／SINKA LIVE EP.Ⅴ V.W.P／2nd ONE-MAN LIVE「現象Ⅱ -魔女拡成-」グッズ第一弾,vwp-300-0127,VWP-300-0128,L,8250,8250,False,2023-08-24T16:28:18+09:00,2026-08-30T14:28:40+09:00,2023-08-24T16:28:18+09:00,2026-08-30T14:28:40+09:00,"fy-17, V.W.P",https://cdn.shopify.com/s/files/1/0551/7692/1261/files/lstee4.jpg?v=1695276304
8042622386424,【V.W.P】事前物販限定 神椿代々木決戦ロングTシャツ「現象Ⅱ -魔女拡成-」 type：ISEKAIJOUCHO／SINKA LIVE EP.Ⅴ V.W.P／2nd ONE-MAN LIVE「現象Ⅱ -魔女拡成-」グッズ第一弾,vwp-300-0127,VWP-300-0129,XL,8250,8250,False,2023-08-24T16:28:18+09:00,2026-08-30T14:28:40+09:00,2023-08-24T16:28:18+09:00,2026-08-30T14:28:40+09:00,"fy-17, V.W.P",https://cdn.shopify.com/s/files/1/0551/7692/1261/files/lstee4.jpg?v=1695276304
8042632315128,【V.W.P】事前物販限定 神椿代々木決戦ロングTシャツ「現象Ⅱ -魔女拡成-」 type：KOKO／SINKA LIVE EP.Ⅴ V.W.P／2nd ONE-MAN LIVE「現象Ⅱ -魔女拡成-」グッズ第一弾,vwp-300-0130,VWP-300-0130,M,8250,8250,False,2023-08-24T16:46:52+09:00,2026-08-30T14:28:40+09:00,2023-08-24T16:46:52+09:00,2026-08-30T14:28:40+09:00,"fy-17, V.W.P",https://cdn.shopify.com/s/files/1/0551/7692/1261/files/lstee5.jpg?v=1695276338
8042632315128,【V.W.P】事前物販限定 神椿代々木決戦ロングTシャツ「現象Ⅱ -魔女拡成-」 type：KOKO／SINKA LIVE EP.Ⅴ V.W.P／2nd ONE-MAN LIVE「現象Ⅱ -魔女拡成-」グッズ第一弾,vwp-300-0130,VWP-300-0131,L,8250,8250,False,2023-08-24T16:46:52+09:00,2026-08-30T14:28:40+09:00,2023-08-24T16:46:52+09:00,2026-08-30T14:28:40+09:00,"fy-17, V.W.P",https://cdn.shopify.com/s/files/1/0551/7692/1261/files/lstee5.jpg?v=1695276338
8042632315128,【V.W.P】事前物販限定 神椿代々木決戦ロングTシャツ「現象Ⅱ -魔女拡成-」 type：KOKO／SINKA LIVE EP.Ⅴ V.W.P／2nd ONE-MAN LIVE「現象Ⅱ -魔女拡成-」グッズ第一弾,vwp-300-0130,VWP-300-0132,XL,8250,8250,False,2023-08-24T16:46:52+09:00,2026-08-30T14:28:40+09:00,2023-08-24T16:46:52+09:00,2026-08-30T14:28:40+09:00,"fy-17, V.W.P",https://cdn.shopify.com/s/files/1/0551/7692/1261/files/lstee5.jpg?v=1695276338
8187180777720,【V.W.P】神椿神社「魔女福袋 2024」／コミックマーケット103出展記念グッズ,vwp-300-0159,VWP-300-0159,Default Title,15000,15000,False,2023-11-09T21:16:07+09:00,2026-08-30T14:28:40+09:00,2023-11-09T21:16:07+09:00,2026-08-30T14:28:40+09:00,"fy-17, V.W.P",https://cdn.shopify.com/s/files/1/0551/7692/1261/files/shopper_88c183de-8e0d-4ec2-99ea-b7dda0de9a8b.jpg?v=1703297111
8224894222584,【V.W.P】神椿神社「魔女新春セット 2024」／コミックマーケット103出展記念グッズ,vwp-300-0173,VWP-300-0173,Default Title,10000,10000,False,2023-12-19T19:09:18+09:00,2026-08-30T14:28:40+09:00,2023-12-19T19:09:18+09:00,2026-08-30T14:28:40+09:00,"fy-17, V.W.P",https://cdn.shopify.com/s/files/1/0551/7692/1261/files/shopper_adf63b2d-b217-4583-88d1-73d6ad5b0139.jpg?v=1703298888
8187182416120,【V.W.P】御年賀手拭い（おめでたい小箱入り）／コミックマーケット103出展記念グッズ,vwp-300-0160,VWP-300-0160,Default Title,3800,3800,False,2023-11-09T21:19:12+09:00,2026-08-30T14:28:40+09:00,2023-11-09T21:19:12+09:00,2026-08-30T14:28:40+09:00,"fy-17, V.W.P",https://cdn.shopify.com/s/files/1/0551/7692/1261/files/tenugui.jpg?v=1703296325
8187183333624,【V.W.P】振袖立体アクリルスタンド 花譜／コミックマーケット103出展記念グッズ,vwp-300-0161,VWP-300-0161,Default Title,3500,3500,False,2023-11-09T21:20:29+09:00,2026-08-30T14:28:40+09:00,2023-11-09T21:20:29+09:00,2026-08-30T14:28:40+09:00,"fy-17, V.W.P",https://cdn.shopify.com/s/files/1/0551/7692/1261/files/acrylkaf.jpg?v=1703295874
8187184873720,【V.W.P】振袖立体アクリルスタンド 理芽／コミックマーケット103出展記念グッズ,vwp-300-0162,VWP-300-0162,Default Title,3500,3500,False,2023-11-09T21:22:49+09:00,2026-08-30T14:28:40+09:00,2023-11-09T21:22:49+09:00,2026-08-30T14:28:40+09:00,"fy-17, V.W.P",https://cdn.shopify.com/s/files/1/0551/7692/1261/files/acrylrim.jpg?v=1703295901
8187185430776,【V.W.P】振袖立体アクリルスタンド 春猿火／コミックマーケット103出展記念グッズ,vwp-300-0163,VWP-300-0163,Default Title,3500,3500,False,2023-11-09T21:23:55+09:00,2026-08-30T14:28:40+09:00,2023-11-09T21:23:55+09:00,2026-08-30T14:28:40+09:00,"fy-17, V.W.P",https://cdn.shopify.com/s/files/1/0551/7692/1261/files/acrylhar.jpg?v=1703295928
8187186151672,【V.W.P】振袖立体アクリルスタンド ヰ世界情緒／コミックマーケット103出展記念グッズ,vwp-300-0164,VWP-300-0164,Default Title,3500,3500,False,2023-11-09T21:25:07+09:00,2026-08-30T14:28:40+09:00,2023-11-09T21:25:07+09:00,2026-08-30T14:28:40+09:00,"fy-17, V.W.P",https://cdn.shopify.com/s/files/1/0551/7692/1261/files/acrylise.jpg?v=1703295959
8187186708728,【V.W.P】振袖立体アクリルスタンド 幸祜／コミックマーケット103出展記念グッズ,vwp-300-0165,VWP-300-0165,Default Title,3500,3500,False,2023-11-09T21:26:14+09:00,2026-08-30T14:28:40+09:00,2023-11-09T21:26:14+09:00,2026-08-30T14:28:40+09:00,"fy-17, V.W.P",https://cdn.shopify.com/s/files/1/0551/7692/1261/files/acrylkok.jpg?v=1703295982
8230753730808,【V.W.P】神椿市建設中。「REGENERATE」ボードゲーム（限定特装版）／SINKA LIVE EP.Ⅴ V.W.P／2nd ONE-MAN LIVE「現象Ⅱ -魔女拡成-」グッズ第二弾,vwp-300-156,VWP-300-0156,Default Title,10000,10000,False,2023-12-26T18:31:36+09:00,2026-08-30T14:28:40+09:00,2023-12-26T18:31:36+09:00,2026-08-30T14:28:40+09:00,"fy-18, V.W.P",https://cdn.shopify.com/s/files/1/0551/7692/1261/files/SPjkt_9cf5df36-7c76-4e67-916e-4ecc69523a2f.jpg?v=1704853734
8230715752696,【V.W.P】Anniversary Watch Complete Set／SINKA LIVE EP.Ⅴ V.W.P／2nd ONE-MAN LIVE「現象Ⅱ -魔女拡成-」グッズ第二弾,vwp-300-145,VWP-300-0145,Default Title,137500,137500,False,2023-12-26T16:48:12+09:00,2026-08-30T14:28:40+09:00,2023-12-26T16:48:11+09:00,2026-08-30T14:28:40+09:00,"fy-18, V.W.P",https://cdn.shopify.com/s/files/1/0551/7692/1261/files/watchset.jpg?v=1704254154
8231153008888,【V.W.P】「覚醒」SPECIAL BOX／V.W.P 2nd ALBUM「覚醒」＆ 花譜 3rd Remix ALBUM「狂想γ」,ktr-000-0133,KTR-000-0133,Default Title,20000,20000,False,2023-12-27T13:05:01+09:00,2026-08-30T14:28:40+09:00,2023-12-27T13:05:00+09:00,2026-08-30T14:28:40+09:00,"fy-17, V.W.P",https://cdn.shopify.com/s/files/1/0551/7692/1261/files/sp_box_76011d7a-b90a-43a9-ac77-bc6d39cd2a32.jpg?v=1711542207
8231164903672,【V.W.P】「覚醒」（type：KAF）／V.W.P 2nd ALBUM「覚醒」＆ 花譜 3rd Remix ALBUM「狂想γ」,ktr-000-0134,KTR-000-0134,Default Title,5000,5000,False,2023-12-27T13:18:54+09:00,2026-08-30T14:28:40+09:00,2023-12-27T13:18:54+09:00,2026-08-30T14:28:40+09:00,"fy-17, V.W.P",https://cdn.shopify.com/s/files/1/0551/7692/1261/files/vwp___solo__H1___0327_4c44cfdd-bb91-46e3-bb10-08676a4ed8fe.jpg?v=1711542377
8231168246008,【V.W.P】「覚醒」（type：RIM）／V.W.P 2nd ALBUM「覚醒」＆ 花譜 3rd Remix ALBUM「狂想γ」,ktr-000-0135,KTR-000-0135,Default Title,5000,5000,False,2023-12-27T13:24:19+09:00,2026-08-30T14:28:40+09:00,2023-12-27T13:24:19+09:00,2026-08-30T14:28:40+09:00,"fy-17, V.W.P",https://cdn.shopify.com/s/files/1/0551/7692/1261/files/vwp___solo__H1___0327_598fa059-1313-4783-b164-1fa7be204d6d.jpg?v=1711542602
8231174570232,【V.W.P】「覚醒」（type：HARUSARUHI）／V.W.P 2nd ALBUM「覚醒」＆ 花譜 3rd Remix ALBUM「狂想γ」,ktr-000-0136,KTR-000-0136,Default Title,5000,5000,False,2023-12-27T13:29:46+09:00,2026-08-30T14:28:40+09:00,2023-12-27T13:29:46+09:00,2026-08-30T14:28:40+09:00,"fy-17, V.W.P",https://cdn.shopify.com/s/files/1/0551/7692/1261/files/vwp___solo__H1___0327_87ee4ef5-6bde-41f4-b6f8-350759f20e99.jpg?v=1711542270
8231176700152,【V.W.P】「覚醒」（type：ISEKAIJOUCHO）／V.W.P 2nd ALBUM「覚醒」＆ 花譜 3rd Remix ALBUM「狂想γ」,ktr-000-0137,KTR-000-0137,Default Title,5000,5000,False,2023-12-27T13:31:32+09:00,2026-08-30T14:28:40+09:00,2023-12-27T13:31:32+09:00,2026-08-30T14:28:40+09:00,"fy-17, V.W.P",https://cdn.shopify.com/s/files/1/0551/7692/1261/files/vwp___solo__H1___0327_c0ee499b-8524-4b19-9e3d-534d28bceab1.jpg?v=1711542313
8231179845880,【V.W.P】「覚醒」（type：KOKO）／V.W.P 2nd ALBUM「覚醒」＆ 花譜 3rd Remix ALBUM「狂想γ」,ktr-000-0138,KTR-000-0138,Default Title,5000,5000,False,2023-12-27T13:34:21+09:00,2026-08-30T14:28:40+09:00,2023-12-27T13:34:21+09:00,2026-08-30T14:28:40+09:00,"fy-17, V.W.P",https://cdn.shopify.com/s/files/1/0551/7692/1261/files/vwp___solo__H1___0327_2ca12ec0-fd90-44b2-9b2c-bc422f35b088.jpg?v=1711542442
8654280687864,【V.W.P】事前物販限定「現象Ⅱ（再）-魔女拡成-」ライブ応援セット 花譜／2nd ONE-MAN LIVE「現象Ⅱ（再）-魔女拡成-」,set-vwp-2nd-gensyou1,SET-VWP-2ND-GENSYOU1,M,25000,25000,False,2024-07-24T23:06:19+09:00,2026-08-30T14:28:40+09:00,2024-07-24T23:02:44+09:00,2026-08-30T14:28:40+09:00,"fy-18, V.W.P",https://cdn.shopify.com/s/files/1/0551/7692/1261/files/cd06d611f61b028106daaad6bbe50b1f.jpg?v=1722768520
8654280687864,【V.W.P】事前物販限定「現象Ⅱ（再）-魔女拡成-」ライブ応援セット 花譜／2nd ONE-MAN LIVE「現象Ⅱ（再）-魔女拡成-」,set-vwp-2nd-gensyou1,SET-VWP-2ND-GENSYOU2,L,25000,25000,False,2024-07-24T23:06:19+09:00,2026-08-30T14:28:40+09:00,2024-07-24T23:02:44+09:00,2026-08-30T14:28:40+09:00,"fy-18, V.W.P",https://cdn.shopify.com/s/files/1/0551/7692/1261/files/cd06d611f61b028106daaad6bbe50b1f.jpg?v=1722768520
8654280687864,【V.W.P】事前物販限定「現象Ⅱ（再）-魔女拡成-」ライブ応援セット 花譜／2nd ONE-MAN LIVE「現象Ⅱ（再）-魔女拡成-」,set-vwp-2nd-gensyou1,SET-VWP-2ND-GENSYOU3,XL,25000,25000,False,2024-07-24T23:06:19+09:00,2026-08-30T14:28:40+09:00,2024-07-24T23:02:44+09:00,2026-08-30T14:28:40+09:00,"fy-18, V.W.P",https://cdn.shopify.com/s/files/1/0551/7692/1261/files/cd06d611f61b028106daaad6bbe50b1f.jpg?v=1722768520
8654282883320,【V.W.P】事前物販限定「現象Ⅱ（再）-魔女拡成-」ライブ応援セット 理芽／2nd ONE-MAN LIVE「現象Ⅱ（再）-魔女拡成-」,set-vwp-2nd-gensyou4,SET-VWP-2ND-GENSYOU4,M,25000,25000,False,2024-07-24T23:09:45+09:00,2026-08-30T14:28:40+09:00,2024-07-24T23:09:45+09:00,2026-08-30T14:28:40+09:00,"fy-18, V.W.P",https://cdn.shopify.com/s/files/1/0551/7692/1261/files/97df613fb68a54a23587174d8f55862b.jpg?v=1722768410
8654282883320,【V.W.P】事前物販限定「現象Ⅱ（再）-魔女拡成-」ライブ応援セット 理芽／2nd ONE-MAN LIVE「現象Ⅱ（再）-魔女拡成-」,set-vwp-2nd-gensyou4,SET-VWP-2ND-GENSYOU5,L,25000,25000,False,2024-07-24T23:09:45+09:00,2026-08-30T14:28:40+09:00,2024-07-24T23:09:45+09:00,2026-08-30T14:28:40+09:00,"fy-18, V.W.P",https://cdn.shopify.com/s/files/1/0551/7692/1261/files/97df613fb68a54a23587174d8f55862b.jpg?v=1722768410
8654282883320,【V.W.P】事前物販限定「現象Ⅱ（再）-魔女拡成-」ライブ応援セット 理芽／2nd ONE-MAN LIVE「現象Ⅱ（再）-魔女拡成-」,set-vwp-2nd-gensyou4,SET-VWP-2ND-GENSYOU6,XL,25000,25000,False,2024-07-24T23:09:45+09:00,2026-08-30T14:28:40+09:00,2024-07-24T23:09:45+09:00,2026-08-30T14:28:40+09:00,"fy-18, V.W.P",https://cdn.shopify.com/s/files/1/0551/7692/1261/files/97df613fb68a54a23587174d8f55862b.jpg?v=1722768410
8654283440376,【V.W.P】事前物販限定「現象Ⅱ（再）-魔女拡成-」ライブ応援セット 春猿火／2nd ONE-MAN LIVE「現象Ⅱ（再）-魔女拡成-」,set-vwp-2nd-gensyou7,SET-VWP-2ND-GENSYOU7,M,25000,25000,False,2024-07-24T23:13:36+09:00,2026-08-30T14:28:40+09:00,2024-07-24T23:13:36+09:00,2026-08-30T14:28:40+09:00,"fy-18, V.W.P",https://cdn.shopify.com/s/files/1/0551/7692/1261/files/bed4866859d7f550db991dc780f3313e.jpg?v=1722768276
8654283440376,【V.W.P】事前物販限定「現象Ⅱ（再）-魔女拡成-」ライブ応援セット 春猿火／2nd ONE-MAN LIVE「現象Ⅱ（再）-魔女拡成-」,set-vwp-2nd-gensyou7,SET-VWP-2ND-GENSYOU8,L,25000,25000,False,2024-07-24T23:13:36+09:00,2026-08-30T14:28:40+09:00,2024-07-24T23:13:36+09:00,2026-08-30T14:28:40+09:00,"fy-18, V.W.P",https://cdn.shopify.com/s/files/1/0551/7692/1261/files/bed4866859d7f550db991dc780f3313e.jpg?v=1722768276
8654283440376,【V.W.P】事前物販限定「現象Ⅱ（再）-魔女拡成-」ライブ応援セット 春猿火／2nd ONE-MAN LIVE「現象Ⅱ（再）-魔女拡成-」,set-vwp-2nd-gensyou7,SET-VWP-2ND-GENSYOU9,XL,25000,25000,False,2024-07-24T23:13:36+09:00,2026-08-30T14:28:40+09:00,2024-07-24T23:13:36+09:00,2026-08-30T14:28:40+09:00,"fy-18, V.W.P",https://cdn.shopify.com/s/files/1/0551/7692/1261/files/bed4866859d7f550db991dc780f3313e.jpg?v=1722768276
8654284620024,【V.W.P】事前物販限定「現象Ⅱ（再）-魔女拡成-」ライブ応援セット ヰ世界情緒／2nd ONE-MAN LIVE「現象Ⅱ（再）-魔女拡成-」,set-vwp-2nd-gensyou10,SET-VWP-2ND-GENSYOU10,M,25000,25000,False,2024-07-24T23:17:43+09:00,2026-08-30T14:28:40+09:00,2024-07-24T23:17:43+09:00,2026-08-30T14:28:40+09:00,"fy-18, V.W.P",https://cdn.shopify.com/s/files/1/0551/7692/1261/files/7263a8a1f6a534b5da3cdd7f82b916a7.jpg?v=1722767847
8654284620024,【V.W.P】事前物販限定「現象Ⅱ（再）-魔女拡成-」ライブ応援セット ヰ世界情緒／2nd ONE-MAN LIVE「現象Ⅱ（再）-魔女拡成-」,set-vwp-2nd-gensyou10,SET-VWP-2ND-GENSYOU11,L,25000,25000,False,2024-07-24T23:17:43+09:00,2026-08-30T14:28:40+09:00,2024-07-24T23:17:43+09:00,2026-08-30T14:28:40+09:00,"fy-18, V.W.P",https://cdn.shopify.com/s/files/1/0551/7692/1261/files/7263a8a1f6a534b5da3cdd7f82b916a7.jpg?v=1722767847
8654284620024,【V.W.P】事前物販限定「現象Ⅱ（再）-魔女拡成-」ライブ応援セット ヰ世界情緒／2nd ONE-MAN LIVE「現象Ⅱ（再）-魔女拡成-」,set-vwp-2nd-gensyou10,SET-VWP-2ND-GENSYOU12,XL,25000,25000,False,2024-07-24T23:17:43+09:00,2026-08-30T14:28:40+09:00,2024-07-24T23:17:43+09:00,2026-08-30T14:28:40+09:00,"fy-18, V.W.P",https://cdn.shopify.com/s/files/1/0551/7692/1261/files/7263a8a1f6a534b5da3cdd7f82b916a7.jpg?v=1722767847
8654284980472,【V.W.P】事前物販限定「現象Ⅱ（再）-魔女拡成-」ライブ応援セット 幸祜／2nd ONE-MAN LIVE「現象Ⅱ（再）-魔女拡成-」,set-vwp-2nd-gensyou13,SET-VWP-2ND-GENSYOU13,M,25000,25000,False,2024-07-24T23:20:34+09:00,2026-08-30T14:28:40+09:00,2024-07-24T23:20:34+09:00,2026-08-30T14:28:40+09:00,"fy-18, V.W.P",https://cdn.shopify.com/s/files/1/0551/7692/1261/files/731da7857e8fd53556ca4455dfee7104.jpg?v=1722768076
8654284980472,【V.W.P】事前物販限定「現象Ⅱ（再）-魔女拡成-」ライブ応援セット 幸祜／2nd ONE-MAN LIVE「現象Ⅱ（再）-魔女拡成-」,set-vwp-2nd-gensyou13,SET-VWP-2ND-GENSYOU14,L,25000,25000,False,2024-07-24T23:20:35+09:00,2026-08-30T14:28:40+09:00,2024-07-24T23:20:34+09:00,2026-08-30T14:28:40+09:00,"fy-18, V.W.P",https://cdn.shopify.com/s/files/1/0551/7692/1261/files/731da7857e8fd53556ca4455dfee7104.jpg?v=1722768076
8654284980472,【V.W.P】事前物販限定「現象Ⅱ（再）-魔女拡成-」ライブ応援セット 幸祜／2nd ONE-MAN LIVE「現象Ⅱ（再）-魔女拡成-」,set-vwp-2nd-gensyou13,SET-VWP-2ND-GENSYOU15,XL,25000,25000,False,2024-07-24T23:20:35+09:00,2026-08-30T14:28:40+09:00,2024-07-24T23:20:34+09:00,2026-08-30T14:28:40+09:00,"fy-18, V.W.P",https://cdn.shopify.com/s/files/1/0551/7692/1261/files/731da7857e8fd53556ca4455dfee7104.jpg?v=1722768076
8654443315448,【V.W.P】V.W.Pおすわりボールチェーンマスコットセット／2nd ONE-MAN LIVE「現象Ⅱ（再）-魔女拡成-」第二弾,vwp-300-0230,VWP-300-0230,Default Title,16500,16500,False,2024-07-25T06:31:38+09:00,2026-08-30T14:28:40+09:00,2024-07-25T06:31:38+09:00,2026-08-30T14:28:40+09:00,"fy-18, V.W.P",https://cdn.shopify.com/s/files/1/0551/7692/1261/files/38e6487a3ebe7e680286f789ec0775e3.jpg?v=1723118846
8230751895800,【V.W.P】FMS限定 キービジュアルアートパネル type：PALOW.／SINKA LIVE EP.Ⅴ V.W.P／2nd ONE-MAN LIVE「現象Ⅱ -魔女拡成-」グッズ第二弾,vwp-300-0154,VWP-300-0154,Default Title,7700,7700,False,2023-12-26T18:26:03+09:00,2026-08-30T14:28:40+09:00,2023-12-26T18:26:03+09:00,2026-08-30T14:28:40+09:00,"fy-18, V.W.P",https://cdn.shopify.com/s/files/1/0551/7692/1261/files/SK_0096ok.jpg?v=1704075615
8811567251704,【V.W.P】ロゴショルダーケース／2nd ONE-MAN LIVE「現象Ⅱ（再）-魔女拡成-」第二弾,vwp-300-0255,VWP-300-0255,Default Title,4000,4000,False,2024-10-30T11:35:30+09:00,2026-08-30T14:28:40+09:00,2024-10-30T11:35:29+09:00,2026-08-30T14:28:40+09:00,"fy-18, V.W.P",https://cdn.shopify.com/s/files/1/0551/7692/1261/files/shouldercase.jpg?v=1730366821
8908510494968,【V.W.P】ワッペン&デコレーションバッグセット 幸祜／SINKA LIVE SERIES EP. Ⅵ V.W.P 3rd ONE-MAN LIVE「現象Ⅲ-神椿市探訪中-」,vwp-300-0262,VWP-300-0262,Default Title,5000,5000,False,2025-01-09T12:50:03+09:00,2026-08-30T14:28:40+09:00,2025-01-09T12:50:03+09:00,2026-08-30T14:28:40+09:00,"fy-18, V.W.P",https://cdn.shopify.com/s/files/1/0551/7692/1261/files/totekok2.jpg?v=1737009698
8991124848888,【V.W.P】八咫烏（解）アクリルスタンド 花譜／SINKA LIVE SERIES EP.Ⅵ V.W.P 3rd ONE-MAN LIVE「現象Ⅲ-神椿市探訪中-」第二弾,vwp-300-0277,VWP-300-0277,Default Title,3500,3500,False,2025-03-12T12:39:12+09:00,2026-08-30T14:28:40+09:00,2025-03-12T12:39:12+09:00,2026-08-30T14:28:40+09:00,"fy-19, V.W.P",https://cdn.shopify.com/s/files/1/0551/7692/1261/files/acstakaf_83134740-2907-4262-9d40-c1eb92ef36c2.jpg?v=1743047829
8991126454520,【V.W.P】八咫烏（解）アクリルスタンド 理芽／SINKA LIVE SERIES EP.Ⅵ V.W.P 3rd ONE-MAN LIVE「現象Ⅲ-神椿市探訪中-」第二弾,vwp-300-0278,VWP-300-0278,Default Title,3500,3500,False,2025-03-12T12:48:05+09:00,2026-08-30T14:28:40+09:00,2025-03-12T12:48:05+09:00,2026-08-30T14:28:40+09:00,"fy-19, V.W.P",https://cdn.shopify.com/s/files/1/0551/7692/1261/files/acstarim_32b48169-0e7f-4b2e-aa3d-e32156186af8.jpg?v=1743047792
8991126585592,【V.W.P】八咫烏（解）アクリルスタンド 春猿火／SINKA LIVE SERIES EP.Ⅵ V.W.P 3rd ONE-MAN LIVE「現象Ⅲ-神椿市探訪中-」第二弾,vwp-300-0279,VWP-300-0279,Default Title,3500,3500,False,2025-03-12T12:49:48+09:00,2026-08-30T14:28:40+09:00,2025-03-12T12:49:47+09:00,2026-08-30T14:28:40+09:00,"fy-19, V.W.P",https://cdn.shopify.com/s/files/1/0551/7692/1261/files/acstahar_f9af419c-165a-4d19-be93-45e6b8049d80.jpg?v=1743047721
8991126814968,【V.W.P】八咫烏（解）アクリルスタンド ヰ世界情緒／SINKA LIVE SERIES EP.Ⅵ V.W.P 3rd ONE-MAN LIVE「現象Ⅲ-神椿市探訪中-」第二弾,vwp-300-0280,VWP-300-0280,Default Title,3500,3500,False,2025-03-12T12:51:33+09:00,2026-08-30T14:28:40+09:00,2025-03-12T12:51:33+09:00,2026-08-30T14:28:40+09:00,"fy-19, V.W.P",https://cdn.shopify.com/s/files/1/0551/7692/1261/files/acstaise_9d424fb9-5dce-4bf1-bee5-f8689ec20cb8.jpg?v=1743047672
8991127011576,【V.W.P】八咫烏（解）アクリルスタンド 幸祜／SINKA LIVE SERIES EP.Ⅵ V.W.P 3rd ONE-MAN LIVE「現象Ⅲ-神椿市探訪中-」第二弾,vwp-300-0281,VWP-300-0281,Default Title,3500,3500,False,2025-03-12T12:53:01+09:00,2026-08-30T14:28:40+09:00,2025-03-12T12:53:01+09:00,2026-08-30T14:28:40+09:00,"fy-19, V.W.P",https://cdn.shopify.com/s/files/1/0551/7692/1261/files/acstakok_c97e1240-5eeb-4c2f-9dca-564ed72dbd5b.jpg?v=1743047643
8991127240952,【V.W.P】3Dキービジュアルアクリルスタンド 花譜／SINKA LIVE SERIES EP.Ⅵ V.W.P 3rd ONE-MAN LIVE「現象Ⅲ-神椿市探訪中-」第二弾,vwp-300-0282,VWP-300-0282,Default Title,2200,2200,False,2025-03-12T12:54:46+09:00,2026-08-30T14:28:40+09:00,2025-03-12T12:54:46+09:00,2026-08-30T14:28:40+09:00,"fy-19, V.W.P",https://cdn.shopify.com/s/files/1/0551/7692/1261/files/acstakaf_5cc19642-078c-48e4-9e93-abc72dc6466e.jpg?v=1743047521
8991128289528,【V.W.P】3Dキービジュアルアクリルスタンド 理芽／SINKA LIVE SERIES EP.Ⅵ V.W.P 3rd ONE-MAN LIVE「現象Ⅲ-神椿市探訪中-」第二弾,vwp-300-0283,VWP-300-0283,Default Title,2200,2200,False,2025-03-12T13:04:48+09:00,2026-08-30T14:28:40+09:00,2025-03-12T13:04:48+09:00,2026-08-30T14:28:40+09:00,"fy-19, V.W.P",https://cdn.shopify.com/s/files/1/0551/7692/1261/files/acstarim_796a861b-4572-4845-8125-048b07f1ca9b.jpg?v=1743047490
8991128584440,【V.W.P】3Dキービジュアルアクリルスタンド 春猿火／SINKA LIVE SERIES EP.Ⅵ V.W.P 3rd ONE-MAN LIVE「現象Ⅲ-神椿市探訪中-」第二弾,vwp-300-0284,VWP-300-0284,Default Title,2200,2200,False,2025-03-12T13:06:20+09:00,2026-08-30T14:28:40+09:00,2025-03-12T13:06:20+09:00,2026-08-30T14:28:40+09:00,"fy-19, V.W.P",https://cdn.shopify.com/s/files/1/0551/7692/1261/files/acstahar_8d0f6188-5dcb-4d5d-8369-acd66a5c445b.jpg?v=1743047464
8991128879352,【V.W.P】3Dキービジュアルアクリルスタンド ヰ世界情緒／SINKA LIVE SERIES EP.Ⅵ V.W.P 3rd ONE-MAN LIVE「現象Ⅲ-神椿市探訪中-」第二弾,vwp-300-0285,VWP-300-0285,Default Title,2200,2200,False,2025-03-12T13:07:47+09:00,2026-08-30T14:28:40+09:00,2025-03-12T13:07:47+09:00,2026-08-30T14:28:40+09:00,"fy-19, V.W.P",https://cdn.shopify.com/s/files/1/0551/7692/1261/files/acstaise_82baad4b-0bc6-4c7a-a173-0c88e7b1f280.jpg?v=1743047421
8991131238648,【V.W.P】3Dキービジュアルアクリルスタンド 幸祜／SINKA LIVE SERIES EP.Ⅵ V.W.P 3rd ONE-MAN LIVE「現象Ⅲ-神椿市探訪中-」第二弾,vwp-300-0286,VWP-300-0286,Default Title,2200,2200,False,2025-03-12T13:09:33+09:00,2026-08-30T14:28:40+09:00,2025-03-12T13:09:33+09:00,2026-08-30T14:28:40+09:00,"fy-19, V.W.P",https://cdn.shopify.com/s/files/1/0551/7692/1261/files/acstakok_262c4cbe-5830-4ef2-bcf8-9744c4f0c7d3.jpg?v=1743047351
8991133860088,【V.W.P】1/2スケールウォールステッカー 花譜／SINKA LIVE SERIES EP.Ⅵ V.W.P 3rd ONE-MAN LIVE「現象Ⅲ-神椿市探訪中-」第二弾,vwp-300-0287,VWP-300-0287,Default Title,9500,9500,False,2025-03-12T13:12:13+09:00,2026-08-30T14:28:40+09:00,2025-03-12T13:12:13+09:00,2026-08-30T14:28:40+09:00,"fy-19, V.W.P",https://cdn.shopify.com/s/files/1/0551/7692/1261/files/stickerkaf.jpg?v=1742539006
8991137497336,【V.W.P】1/2スケールウォールステッカー 理芽／SINKA LIVE SERIES EP.Ⅵ V.W.P 3rd ONE-MAN LIVE「現象Ⅲ-神椿市探訪中-」第二弾,vwp-300-0288,VWP-300-0288,Default Title,9500,9500,False,2025-03-12T13:15:10+09:00,2026-08-30T14:28:40+09:00,2025-03-12T13:15:10+09:00,2026-08-30T14:28:40+09:00,"fy-19, V.W.P",https://cdn.shopify.com/s/files/1/0551/7692/1261/files/stickerrim.jpg?v=1742539044
8991139627256,【V.W.P】1/2スケールウォールステッカー 春猿火／SINKA LIVE SERIES EP.Ⅵ V.W.P 3rd ONE-MAN LIVE「現象Ⅲ-神椿市探訪中-」第二弾,vwp-300-0289,VWP-300-0289,Default Title,9500,9500,False,2025-03-12T13:16:47+09:00,2026-08-30T14:28:40+09:00,2025-03-12T13:16:47+09:00,2026-08-30T14:28:40+09:00,"fy-19, V.W.P",https://cdn.shopify.com/s/files/1/0551/7692/1261/files/stickerhar.jpg?v=1742539028
8991141200120,【V.W.P】1/2スケールウォールステッカー ヰ世界情緒／SINKA LIVE SERIES EP.Ⅵ V.W.P 3rd ONE-MAN LIVE「現象Ⅲ-神椿市探訪中-」第二弾,vwp-300-0290,VWP-300-0290,Default Title,9500,9500,False,2025-03-12T13:18:28+09:00,2026-08-30T14:28:40+09:00,2025-03-12T13:18:28+09:00,2026-08-30T14:28:40+09:00,"fy-19, V.W.P",https://cdn.shopify.com/s/files/1/0551/7692/1261/files/stickerise.jpg?v=1742539063
8991143395576,【V.W.P】1/2スケールウォールステッカー 幸祜／SINKA LIVE SERIES EP.Ⅵ V.W.P 3rd ONE-MAN LIVE「現象Ⅲ-神椿市探訪中-」第二弾,vwp-300-0291,VWP-300-0291,Default Title,9500,9500,False,2025-03-12T13:20:12+09:00,2026-08-30T14:28:40+09:00,2025-03-12T13:20:11+09:00,2026-08-30T14:28:40+09:00,"fy-19, V.W.P",https://cdn.shopify.com/s/files/1/0551/7692/1261/files/stickerkok.jpg?v=1742539086
8991185535224,【V.W.P】エトピリカ&八咫烏ピンバッジ額装セット／SINKA LIVE SERIES EP.Ⅵ V.W.P 3rd ONE-MAN LIVE「現象Ⅲ-神椿市探訪中-」第二弾,vwp-300-0301,VWP-300-0301,Default Title,28000,28000,False,2025-03-12T14:42:11+09:00,2026-08-30T14:28:40+09:00,2025-03-12T14:42:11+09:00,2026-08-30T14:28:40+09:00,"fy-19, V.W.P",https://cdn.shopify.com/s/files/1/0551/7692/1261/files/pinsset.jpg?v=1742535607
8991194480888,【V.W.P】バルーンスタンド 花譜／SINKA LIVE SERIES EP.Ⅵ V.W.P 3rd ONE-MAN LIVE「現象Ⅲ-神椿市探訪中-」第二弾,vwp-300-0304,VWP-300-0304,Default Title,3800,3800,False,2025-03-12T14:50:14+09:00,2026-08-30T14:28:40+09:00,2025-03-12T14:50:14+09:00,2026-08-30T14:28:40+09:00,"fy-19, V.W.P",https://cdn.shopify.com/s/files/1/0551/7692/1261/files/balloonkaf.jpg?v=1742535197
8991196807416,【V.W.P】バルーンスタンド 理芽／SINKA LIVE SERIES EP.Ⅵ V.W.P 3rd ONE-MAN LIVE「現象Ⅲ-神椿市探訪中-」第二弾,vwp-300-0305,VWP-300-0305,Default Title,3800,3800,False,2025-03-12T14:52:30+09:00,2026-08-30T14:28:40+09:00,2025-03-12T14:52:30+09:00,2026-08-30T14:28:40+09:00,"fy-19, V.W.P",https://cdn.shopify.com/s/files/1/0551/7692/1261/files/balloonrim.jpg?v=1742535184
8991199854840,【V.W.P】バルーンスタンド 春猿火／SINKA LIVE SERIES EP.Ⅵ V.W.P 3rd ONE-MAN LIVE「現象Ⅲ-神椿市探訪中-」第二弾,vwp-300-0306,VWP-300-0306,Default Title,3800,3800,False,2025-03-12T14:53:59+09:00,2026-08-30T14:28:40+09:00,2025-03-12T14:53:59+09:00,2026-08-30T14:28:40+09:00,"fy-19, V.W.P",https://cdn.shopify.com/s/files/1/0551/7692/1261/files/balloonhar.jpg?v=1742535167
8991202803960,【V.W.P】バルーンスタンド ヰ世界情緒／SINKA LIVE SERIES EP.Ⅵ V.W.P 3rd ONE-MAN LIVE「現象Ⅲ-神椿市探訪中-」第二弾,vwp-300-0307,VWP-300-0307,Default Title,3800,3800,False,2025-03-12T14:55:35+09:00,2026-08-30T14:28:40+09:00,2025-03-12T14:55:35+09:00,2026-08-30T14:28:40+09:00,"fy-19, V.W.P",https://cdn.shopify.com/s/files/1/0551/7692/1261/files/balloonise.jpg?v=1742535155
8991204704504,【V.W.P】バルーンスタンド 幸祜／SINKA LIVE SERIES EP.Ⅵ V.W.P 3rd ONE-MAN LIVE「現象Ⅲ-神椿市探訪中-」第二弾,vwp-300-0308,VWP-300-0308,Default Title,3800,3800,False,2025-03-12T14:56:43+09:00,2026-08-30T14:28:40+09:00,2025-03-12T14:56:43+09:00,2026-08-30T14:28:40+09:00,"fy-19, V.W.P",https://cdn.shopify.com/s/files/1/0551/7692/1261/files/balloonkok.jpg?v=1742535143
8908507054328,【V.W.P】ワッペン&デコレーションバッグセット 花譜／SINKA LIVE SERIES EP. Ⅵ V.W.P 3rd ONE-MAN LIVE「現象Ⅲ-神椿市探訪中-」,vwp-300-0258,VWP-300-0258,Default Title,5000,5000,False,2025-01-09T12:41:28+09:00,2026-08-30T14:28:40+09:00,2025-01-09T12:41:28+09:00,2026-08-30T14:28:40+09:00,"fy-18, V.W.P",https://cdn.shopify.com/s/files/1/0551/7692/1261/files/totekaf2.jpg?v=1737009745
8908530843896,【V.W.P】チャームキーホルダー ヰ世界情緒／SINKA LIVE SERIES EP. Ⅵ V.W.P 3rd ONE-MAN LIVE「現象Ⅲ-神椿市探訪中-」,vwp-300-0266,VWP-300-0266,Default Title,2200,2200,False,2025-01-09T13:43:50+09:00,2026-08-30T14:28:40+09:00,2025-01-09T13:43:50+09:00,2026-08-30T14:28:40+09:00,"fy-18, V.W.P",https://cdn.shopify.com/s/files/1/0551/7692/1261/files/AKM_2275ok.jpg?v=1737513837
8904773632248,【V.W.P】「繁殖」／派生曲Album「繁殖」,ktr-000-0192,KTR-000-0192,Default Title,6500,6500,False,2025-01-06T13:02:42+09:00,2026-08-30T14:28:40+09:00,2025-01-06T13:02:42+09:00,2026-08-30T14:28:40+09:00,"fy-18, V.W.P",https://cdn.shopify.com/s/files/1/0551/7692/1261/files/JKT_d9d62577-dd84-4880-a510-6d64ceeeca03.jpg?v=1736224746
8804551688440,【V.W.P】ペンライトアクセサリーランダム（全5種）／2nd ONE-MAN LIVE「現象Ⅱ（再）-魔女拡成-」第二弾,vwp-300-0240,VWP-300-0240,Default Title,1000,1000,False,2024-10-25T19:26:33+09:00,2026-08-30T14:28:40+09:00,2024-10-25T19:26:33+09:00,2026-08-30T14:28:40+09:00,"fy-18, V.W.P",https://cdn.shopify.com/s/files/1/0551/7692/1261/files/charm_8ce60cc3-536f-452b-b3dd-b106ef7c5172.jpg?v=1730251020
8654436729080,【V.W.P】「現象Ⅱ（再）-魔女拡成-」ver. ほぼ等身大タペストリー 花譜／2nd ONE-MAN LIVE「現象Ⅱ（再）-魔女拡成-」第二弾,vwp-300-0220,VWP-300-0220,Default Title,11000,11000,False,2024-07-25T06:12:54+09:00,2026-08-30T14:28:40+09:00,2024-07-25T06:12:54+09:00,2026-08-30T14:28:40+09:00,"fy-18, V.W.P",https://cdn.shopify.com/s/files/1/0551/7692/1261/files/tapestry7.jpg?v=1722222397
8654438531320,【V.W.P】「現象Ⅱ（再）-魔女拡成-」ver. ほぼ等身大タペストリー 理芽／2nd ONE-MAN LIVE「現象Ⅱ（再）-魔女拡成-」第二弾,vwp-300-0221,VWP-300-0221,Default Title,11000,11000,False,2024-07-25T06:15:59+09:00,2026-08-30T14:28:40+09:00,2024-07-25T06:15:59+09:00,2026-08-30T14:28:40+09:00,"fy-18, V.W.P",https://cdn.shopify.com/s/files/1/0551/7692/1261/files/tapestry2_1fd51196-323c-46d6-b453-2618e1a5fef0.jpg?v=1722221958
8654440005880,【V.W.P】「現象Ⅱ（再）-魔女拡成-」ver. ほぼ等身大タペストリー 幸祜／2nd ONE-MAN LIVE「現象Ⅱ（再）-魔女拡成-」第二弾,vwp-300-0224,VWP-300-0224,Default Title,11000,11000,False,2024-07-25T06:20:01+09:00,2026-08-30T14:28:40+09:00,2024-07-25T06:20:00+09:00,2026-08-30T14:28:40+09:00,"fy-18, V.W.P",https://cdn.shopify.com/s/files/1/0551/7692/1261/files/tapestry5.jpg?v=1722222258
8654441251064,【V.W.P】キービジュアルアクリルキーホルダー 理芽／2nd ONE-MAN LIVE「現象Ⅱ（再）-魔女拡成-」第二弾,vwp-300-0226,VWP-300-0226,Default Title,1500,1500,False,2024-07-25T06:24:41+09:00,2026-08-30T14:28:40+09:00,2024-07-25T06:24:41+09:00,2026-08-30T14:28:40+09:00,"fy-18, V.W.P",https://cdn.shopify.com/s/files/1/0551/7692/1261/files/keyrime.jpg?v=1722221669
8654441808120,【V.W.P】キービジュアルアクリルキーホルダー 春猿火／2nd ONE-MAN LIVE「現象Ⅱ（再）-魔女拡成-」第二弾,vwp-300-0227,VWP-300-0227,Default Title,1500,1500,False,2024-07-25T06:26:29+09:00,2026-08-30T14:28:40+09:00,2024-07-25T06:26:28+09:00,2026-08-30T14:28:40+09:00,"fy-18, V.W.P",https://cdn.shopify.com/s/files/1/0551/7692/1261/files/keyharu.jpg?v=1722221702
8654442234104,【V.W.P】キービジュアルアクリルキーホルダー ヰ世界情緒／2nd ONE-MAN LIVE「現象Ⅱ（再）-魔女拡成-」第二弾,vwp-300-0228,VWP-300-0228,Default Title,1500,1500,False,2024-07-25T06:27:41+09:00,2026-08-30T14:28:40+09:00,2024-07-25T06:27:41+09:00,2026-08-30T14:28:40+09:00,"fy-18, V.W.P",https://cdn.shopify.com/s/files/1/0551/7692/1261/files/keyise.jpg?v=1722221679
8230752485624,【V.W.P】FMS限定 キービジュアルアートパネル type：shirone／SINKA LIVE EP.Ⅴ V.W.P／2nd ONE-MAN LIVE「現象Ⅱ -魔女拡成-」グッズ第二弾,vwp-300-0155,VWP-300-0155,Default Title,7700,7700,False,2023-12-26T18:29:39+09:00,2026-08-30T14:28:40+09:00,2023-12-26T18:29:39+09:00,2026-08-30T14:28:40+09:00,"fy-18, V.W.P",https://cdn.shopify.com/s/files/1/0551/7692/1261/files/SK_0097ok_f76b96eb-254d-45d6-a6e3-bde2913f94a2.jpg?v=1704075840
8908531269880,【V.W.P】チャームキーホルダー 幸祜／SINKA LIVE SERIES EP. Ⅵ V.W.P 3rd ONE-MAN LIVE「現象Ⅲ-神椿市探訪中-」,vwp-300-0267,VWP-300-0267,Default Title,2200,2200,False,2025-01-09T13:45:31+09:00,2026-08-30T14:28:40+09:00,2025-01-09T13:45:31+09:00,2026-08-30T14:28:40+09:00,"fy-18, V.W.P",https://cdn.shopify.com/s/files/1/0551/7692/1261/files/AKM_2279ok.jpg?v=1737513877
8654442791160,【V.W.P】キービジュアルアクリルキーホルダー 幸祜／2nd ONE-MAN LIVE「現象Ⅱ（再）-魔女拡成-」第二弾,vwp-300-0229,VWP-300-0229,Default Title,1500,1500,False,2024-07-25T06:30:01+09:00,2026-08-30T14:28:40+09:00,2024-07-25T06:30:01+09:00,2026-08-30T14:28:40+09:00,"fy-18, V.W.P",https://cdn.shopify.com/s/files/1/0551/7692/1261/files/keykoko.jpg?v=1722221657
8908509610232,【V.W.P】ワッペン&デコレーションバッグセット ヰ世界情緒／SINKA LIVE SERIES EP. Ⅵ V.W.P 3rd ONE-MAN LIVE「現象Ⅲ-神椿市探訪中-」,vwp-300-0261,VWP-300-0261,Default Title,5000,5000,False,2025-01-09T12:48:35+09:00,2026-08-30T14:28:40+09:00,2025-01-09T12:48:35+09:00,2026-08-30T14:28:40+09:00,"fy-18, V.W.P",https://cdn.shopify.com/s/files/1/0551/7692/1261/files/toteise2.jpg?v=1737009638
8907977785592,【V.W.P】ライブパンフレット／SINKA LIVE SERIES EP. Ⅵ V.W.P 3rd ONE-MAN LIVE「現象Ⅲ-神椿市探訪中-」,vwp-300-0256,VWP-300-0256,Default Title,3500,3500,False,2025-01-09T01:36:04+09:00,2026-08-30T14:28:40+09:00,2025-01-09T01:36:04+09:00,2026-08-30T14:28:40+09:00,"fy-18, V.W.P",https://cdn.shopify.com/s/files/1/0551/7692/1261/files/pamphlet_7e10a327-2739-4e1e-a41b-8d7afc0011e9.jpg?v=1736664281
9266521932024,【V.W.P】ステンレスサーモタンブラー／THINKR XR CLASSICS presents KAMITSUBAKI FILM CONCERT「神椿演奏会／想像」2026 WINTER,vwp-300-0431,VWP-300-0431,Default Title,4000,4000,False,2025-10-24T20:57:35+09:00,2026-08-30T14:28:40+09:00,2025-10-24T20:57:35+09:00,2026-08-30T14:28:40+09:00,"fy-19, V.W.P",https://cdn.shopify.com/s/files/1/0551/7692/1261/files/tumbler_22dc63f2-f89d-42a4-8833-bc903a996272.jpg?v=1762180562
9265181884664,【V.W.P】「現象Ⅳ -反転運命-」スペシャルサポーターズセット／4th ONE-MAN LIVE「現象Ⅳ -反転運命-」OFFICIAL GOODS,vwp-300-0379,VWP-300-0379,Default Title,12000,12000,False,2025-10-23T18:35:01+09:00,2026-08-30T14:28:40+09:00,2025-10-23T18:35:00+09:00,2026-08-30T14:28:40+09:00,"fy-19, GetName_2025v-w-p_henten_Adam, V.W.P",https://cdn.shopify.com/s/files/1/0551/7692/1261/files/8f7dbd3541abed7058e5e79f2f669617.jpg?v=1761706061
8908508922104,【V.W.P】ワッペン&デコレーションバッグセット 理芽／SINKA LIVE SERIES EP. Ⅵ V.W.P 3rd ONE-MAN LIVE「現象Ⅲ-神椿市探訪中-」,vwp-300-0259,VWP-300-0259,Default Title,5000,5000,False,2025-01-09T12:46:04+09:00,2026-08-30T14:28:40+09:00,2025-01-09T12:46:04+09:00,2026-08-30T14:28:40+09:00,"fy-18, V.W.P",https://cdn.shopify.com/s/files/1/0551/7692/1261/files/toterim2.jpg?v=1737009727
8839972978936,【V.W.P】「現象Ⅱ」Blu-ray／神椿代々木戦線&幕張戦線「現象Ⅱ＆現象Ⅱ（再）」「怪歌＆怪歌（再）」Blu-ray,ktr-100-0184,KTR-100-0184,Default Title,10000,10000,False,2024-11-18T15:04:33+09:00,2026-08-30T14:28:40+09:00,2024-11-18T15:04:33+09:00,2026-08-30T14:28:40+09:00,"fy-18, V.W.P",https://cdn.shopify.com/s/files/1/0551/7692/1261/files/2_5b052fa7-1afd-4285-8a0f-2e465e200982.jpg?v=1731922462
8908511084792,【V.W.P】チャームキーホルダー 花譜／SINKA LIVE SERIES EP. Ⅵ V.W.P 3rd ONE-MAN LIVE「現象Ⅲ-神椿市探訪中-」,vwp-300-0263,VWP-300-0263,Default Title,2200,2200,False,2025-01-09T12:51:21+09:00,2026-08-30T14:28:40+09:00,2025-01-09T12:51:20+09:00,2026-08-30T14:28:40+09:00,"fy-18, V.W.P",https://cdn.shopify.com/s/files/1/0551/7692/1261/files/AKM_2274ok.jpg?v=1737514003
8654438990072,【V.W.P】「現象Ⅱ（再）-魔女拡成-」ver. ほぼ等身大タペストリー 春猿火／2nd ONE-MAN LIVE「現象Ⅱ（再）-魔女拡成-」第二弾,vwp-300-0222,VWP-300-0222,Default Title,11000,11000,False,2024-07-25T06:17:31+09:00,2026-08-30T14:28:40+09:00,2024-07-25T06:17:31+09:00,2026-08-30T14:28:40+09:00,"fy-18, V.W.P",https://cdn.shopify.com/s/files/1/0551/7692/1261/files/tapestry3.jpg?v=1722222098
8908533629176,【V.W.P】缶バッジセット 理芽／SINKA LIVE SERIES EP. Ⅵ V.W.P 3rd ONE-MAN LIVE「現象Ⅲ-神椿市探訪中-」,vwp-300-0270,VWP-300-0270,Default Title,1000,1000,False,2025-01-09T13:52:42+09:00,2026-08-30T14:28:40+09:00,2025-01-09T13:52:42+09:00,2026-08-30T14:28:40+09:00,"fy-18, V.W.P",https://cdn.shopify.com/s/files/1/0551/7692/1261/files/c3711f3bf21b212a8d4e316e42b85a93.jpg?v=1737097342
8991151292664,【V.W.P】八咫烏（解）額装アート／SINKA LIVE SERIES EP.Ⅵ V.W.P 3rd ONE-MAN LIVE「現象Ⅲ-神椿市探訪中-」第二弾,vwp-300-0295,VWP-300-0295,Default Title,25000,25000,False,2025-03-12T13:29:14+09:00,2026-08-30T14:28:40+09:00,2025-03-12T13:29:14+09:00,2026-08-30T14:28:40+09:00,"fy-19, V.W.P",https://cdn.shopify.com/s/files/1/0551/7692/1261/files/art_9d56102f-4472-4bd8-871d-f2db052678d7.jpg?v=1742538408
8991159222520,【V.W.P】V.W.P クリアファイル5枚セット／SINKA LIVE SERIES EP.Ⅵ V.W.P 3rd ONE-MAN LIVE「現象Ⅲ-神椿市探訪中-」第二弾,vwp-300-0300,VWP-300-0300,Default Title,2000,2000,False,2025-03-12T13:39:25+09:00,2026-08-30T14:28:40+09:00,2025-03-12T13:39:24+09:00,2026-08-30T14:28:40+09:00,"fy-19, V.W.P",https://cdn.shopify.com/s/files/1/0551/7692/1261/files/clearfile_3cd62065-434d-451d-9a32-c09becf1e135.jpg?v=1742535572
8908532941048,【V.W.P】缶バッジセット 花譜／SINKA LIVE SERIES EP. Ⅵ V.W.P 3rd ONE-MAN LIVE「現象Ⅲ-神椿市探訪中-」,vwp-300-0269,VWP-300-0269,Default Title,1000,1000,False,2025-01-09T13:50:38+09:00,2026-08-30T14:28:40+09:00,2025-01-09T13:50:38+09:00,2026-08-30T14:28:40+09:00,"fy-18, V.W.P",https://cdn.shopify.com/s/files/1/0551/7692/1261/files/c4010554aee292d243366faf3e4f09ce.jpg?v=1737097357
8908534513912,【V.W.P】缶バッジセット ヰ世界情緒／SINKA LIVE SERIES EP. Ⅵ V.W.P 3rd ONE-MAN LIVE「現象Ⅲ-神椿市探訪中-」,vwp-300-0272,VWP-300-0272,Default Title,1000,1000,False,2025-01-09T13:55:16+09:00,2026-08-30T14:28:40+09:00,2025-01-09T13:55:16+09:00,2026-08-30T14:28:40+09:00,"fy-18, V.W.P",https://cdn.shopify.com/s/files/1/0551/7692/1261/files/587102bd5c3b18ef5a97959437a34ee7.jpg?v=1737097309
8654439579896,【V.W.P】「現象Ⅱ（再）-魔女拡成-」ver. ほぼ等身大タペストリー ヰ世界情緒／2nd ONE-MAN LIVE「現象Ⅱ（再）-魔女拡成-」第二弾,vwp-300-0223,VWP-300-0223,Default Title,11000,11000,False,2024-07-25T06:18:54+09:00,2026-08-30T14:28:40+09:00,2024-07-25T06:18:54+09:00,2026-08-30T14:28:40+09:00,"fy-18, V.W.P",https://cdn.shopify.com/s/files/1/0551/7692/1261/files/tapestry9.jpg?v=1722222515
8991152767224,【V.W.P】V.W.P ゆび人形キーホルダーセット 八咫烏（解）ver.／SINKA LIVE SERIES EP.Ⅵ V.W.P 3rd ONE-MAN LIVE「現象Ⅲ-神椿市探訪中-」第二弾,vwp-300-0296,VWP-300-0296,Default Title,14000,14000,False,2025-03-12T13:31:06+09:00,2026-08-30T14:28:40+09:00,2025-03-12T13:31:06+09:00,2026-08-30T14:28:40+09:00,"fy-19, V.W.P",https://cdn.shopify.com/s/files/1/0551/7692/1261/files/fingerdollkey.jpg?v=1742535293
8908505743608,【V.W.P】缶バッジケース（缶バッジ1種付き）／SINKA LIVE SERIES EP. Ⅵ V.W.P 3rd ONE-MAN LIVE「現象Ⅲ-神椿市探訪中-」,vwp-300-0257,VWP-300-0257,Default Title,2500,2500,False,2025-01-09T12:38:41+09:00,2026-08-30T14:28:40+09:00,2025-01-09T12:38:41+09:00,2026-08-30T14:28:40+09:00,"fy-18, V.W.P",https://cdn.shopify.com/s/files/1/0551/7692/1261/files/badgecase.jpg?v=1736664305
8991187730680,【V.W.P】V.W.P ぬいぐるみポーチ／SINKA LIVE SERIES EP.Ⅵ V.W.P 3rd ONE-MAN LIVE「現象Ⅲ-神椿市探訪中-」第二弾,vwp-300-0302,VWP-300-0302,Default Title,3900,3900,False,2025-03-12T14:44:00+09:00,2026-08-30T14:28:40+09:00,2025-03-12T14:44:00+09:00,2026-08-30T14:28:40+09:00,"fy-19, V.W.P",https://cdn.shopify.com/s/files/1/0551/7692/1261/files/dollpouch.jpg?v=1742535753
8991149457656,【V.W.P】キービジュアル額装アート／SINKA LIVE SERIES EP.Ⅵ V.W.P 3rd ONE-MAN LIVE「現象Ⅲ-神椿市探訪中-」第二弾,vwp-300-0294,VWP-300-0294,Default Title,25000,25000,False,2025-03-12T13:26:46+09:00,2026-08-30T14:28:40+09:00,2025-03-12T13:26:46+09:00,2026-08-30T14:28:40+09:00,"fy-19, V.W.P",https://cdn.shopify.com/s/files/1/0551/7692/1261/files/keyvisuart.jpg?v=1742457210
8908529664248,【V.W.P】チャームキーホルダー 理芽／SINKA LIVE SERIES EP. Ⅵ V.W.P 3rd ONE-MAN LIVE「現象Ⅲ-神椿市探訪中-」,vwp-300-0264,VWP-300-0264,Default Title,2200,2200,False,2025-01-09T13:40:12+09:00,2026-08-30T14:28:40+09:00,2025-01-09T13:40:11+09:00,2026-08-30T14:28:40+09:00,"fy-18, V.W.P",https://cdn.shopify.com/s/files/1/0551/7692/1261/files/AKM_2277ok.jpg?v=1737513967
9062952894712,【V.W.P】デスクマット／THINKR XR CLASSICS presents KAMITSUBAKI FILM CONCERT「神椿演奏会／想像」,vwp-300-0310,VWP-300-0310,Default Title,4400,4400,False,2025-05-08T12:01:43+09:00,2026-08-30T14:28:40+09:00,2025-05-08T12:01:43+09:00,2026-08-30T14:28:40+09:00,"fy-19, V.W.P",https://cdn.shopify.com/s/files/1/0551/7692/1261/files/deskmat_c8c86a21-5d78-45f6-a1d4-82212e3e9f88.jpg?v=1747152408
9383060177144,【V.W.P】額装アート／THINKR XR CLASSICS presents KAMITSUBAKI FILM CONCERT「神椿演奏会／想像」2026 WINTER 第二弾,vwp-300-0436,VWP-300-0436,Default Title,32000,32000,False,2026-01-21T18:42:54+09:00,2026-08-30T14:28:42+09:00,2026-01-21T18:42:54+09:00,2026-08-30T14:28:42+09:00,"fy-20, V.W.P",https://cdn.shopify.com/s/files/1/0551/7692/1261/files/art_5880cf1a-0550-4ead-931d-aab58dfdfc5d.jpg?v=1768990772
9383064666360,【V.W.P】ランダムミニキャラアクリルキーホルダー（全5種）／THINKR XR CLASSICS presents KAMITSUBAKI FILM CONCERT「神椿演奏会／想像」2026 WINTER 第二弾,vwp-300-0434,VWP-300-0434,Default Title,800,800,False,2026-01-21T19:01:01+09:00,2026-08-30T14:28:42+09:00,2026-01-21T19:01:01+09:00,2026-08-30T14:28:42+09:00,"fy-20, V.W.P",https://cdn.shopify.com/s/files/1/0551/7692/1261/files/randomackey_2fb67d2b-d737-4d9a-9799-19ab796014c6.jpg?v=1768990821
9383065026808,【V.W.P】ランダム缶バッジ（全10種）／THINKR XR CLASSICS presents KAMITSUBAKI FILM CONCERT「神椿演奏会／想像」2026 WINTER 第二弾,vwp-300-0435,VWP-300-0435,Default Title,500,500,False,2026-01-21T19:05:06+09:00,2026-08-30T14:28:42+09:00,2026-01-21T19:05:06+09:00,2026-08-30T14:28:42+09:00,"fy-20, V.W.P",https://cdn.shopify.com/s/files/1/0551/7692/1261/files/randombadge_461d017b-e8f6-48bc-96b5-5bdb91b5fe7c.jpg?v=1768990799
9062996967672,【V.W.P】ワンショルダートートバッグ／THINKR XR CLASSICS presents KAMITSUBAKI FILM CONCERT「神椿演奏会／想像」,vwp-300-0313,VWP-300-0313,Default Title,5000,5000,False,2025-05-08T13:49:17+09:00,2026-08-30T14:28:42+09:00,2025-05-08T13:49:16+09:00,2026-08-30T14:28:42+09:00,"fy-19, V.W.P",https://cdn.shopify.com/s/files/1/0551/7692/1261/files/tote_1d91446f-c0c0-47bd-b8d7-f313398f19ad.jpg?v=1747153597
8908534874360,【V.W.P】缶バッジセット 幸祜／SINKA LIVE SERIES EP. Ⅵ V.W.P 3rd ONE-MAN LIVE「現象Ⅲ-神椿市探訪中-」,vwp-300-0273,VWP-300-0273,Default Title,1000,1000,False,2025-01-09T13:56:34+09:00,2026-08-30T14:28:42+09:00,2025-01-09T13:56:33+09:00,2026-08-30T14:28:42+09:00,"fy-18, V.W.P",https://cdn.shopify.com/s/files/1/0551/7692/1261/files/koko_9dd0d4c7-49d0-4b89-9af4-402b26bcdf8f.jpg?v=1737097297
8804577476856,【V.W.P】KAMITSUBAKI WARS 2024 神椿幕張戦線 ライティングアート／2nd ONE-MAN LIVE「現象Ⅱ（再）-魔女拡成-」第二弾,vwp-300-0243,VWP-300-0243,Default Title,25000,25000,False,2024-10-25T19:39:31+09:00,2026-08-30T14:28:42+09:00,2024-10-25T19:39:30+09:00,2026-08-30T14:28:42+09:00,"fy-18, V.W.P",https://cdn.shopify.com/s/files/1/0551/7692/1261/files/art2_3cba9356-e197-4457-a630-1a1319ac27b3.jpg?v=1730250828
8908534120696,【V.W.P】缶バッジセット 春猿火／SINKA LIVE SERIES EP. Ⅵ V.W.P 3rd ONE-MAN LIVE「現象Ⅲ-神椿市探訪中-」,vwp-300-0271,VWP-300-0271,Default Title,1000,1000,False,2025-01-09T13:54:06+09:00,2026-08-30T14:28:42+09:00,2025-01-09T13:54:05+09:00,2026-08-30T14:28:42+09:00,"fy-18, V.W.P",https://cdn.shopify.com/s/files/1/0551/7692/1261/files/738ada176fb57f1e48d0050ba94e0c40.jpg?v=1737097326
9393498423544,【V.W.P】ライブパンフレット／4th ONE-MAN LIVE「現象Ⅳ -反転運命-」OFFICIAL GOODS 第二弾,vwp-300-0439,VWP-300-0439,Default Title,3500,3500,False,2026-01-30T23:42:28+09:00,2026-08-30T14:28:42+09:00,2026-01-30T23:42:28+09:00,2026-08-30T14:28:42+09:00,"fy-19, V.W.P",https://cdn.shopify.com/s/files/1/0551/7692/1261/files/a34288c1cbbdb75df6b61072d75fac1d.jpg?v=1771645598
9411735355640,【V.W.P】「現象Ⅳ」ロゴキーホルダー／4th ONE-MAN LIVE「現象Ⅳ -反転運命-」OFFICIAL GOODS 第二弾,vwp-300-0461,VWP-300-0461,Default Title,1400,1400,False,2026-02-19T19:27:52+09:00,2026-08-30T14:28:42+09:00,2026-02-19T19:27:52+09:00,2026-08-30T14:28:42+09:00,"fy-19, V.W.P",https://cdn.shopify.com/s/files/1/0551/7692/1261/files/logokey.jpg?v=1771576776
9265186603256,【V.W.P】反転パーカー 理芽 model／4th ONE-MAN LIVE「現象Ⅳ -反転運命-」OFFICIAL GOODS 第二弾,vwp-300-0397,VWP-300-0397,L,11000,11000,False,2025-10-23T18:49:02+09:00,2026-08-30T14:28:42+09:00,2025-10-23T18:49:02+09:00,2026-08-30T14:28:42+09:00,"fy-19, V.W.P",https://cdn.shopify.com/s/files/1/0551/7692/1261/files/f6452de9dab9e9da358dd50b9156d6df.jpg?v=1761565614
9265186603256,【V.W.P】反転パーカー 理芽 model／4th ONE-MAN LIVE「現象Ⅳ -反転運命-」OFFICIAL GOODS 第二弾,vwp-300-0397,VWP-300-0398,XL,11000,11000,False,2025-10-23T18:49:02+09:00,2026-08-30T14:28:42+09:00,2025-10-23T18:49:02+09:00,2026-08-30T14:28:42+09:00,"fy-19, V.W.P",https://cdn.shopify.com/s/files/1/0551/7692/1261/files/f6452de9dab9e9da358dd50b9156d6df.jpg?v=1761565614
9265187848440,【V.W.P】反転パーカー ヰ世界情緒 model／4th ONE-MAN LIVE「現象Ⅳ -反転運命-」OFFICIAL GOODS 第二弾,vwp-300-0401,VWP-300-0401,L,11000,11000,False,2025-10-23T18:53:05+09:00,2026-08-30T14:28:42+09:00,2025-10-23T18:53:05+09:00,2026-08-30T14:28:42+09:00,"fy-19, V.W.P",https://cdn.shopify.com/s/files/1/0551/7692/1261/files/1595d325b2bc26cae46f589ce49a364d.jpg?v=1761565479
9265187848440,【V.W.P】反転パーカー ヰ世界情緒 model／4th ONE-MAN LIVE「現象Ⅳ -反転運命-」OFFICIAL GOODS 第二弾,vwp-300-0401,VWP-300-0402,XL,11000,11000,False,2025-10-23T18:53:05+09:00,2026-08-30T14:28:42+09:00,2025-10-23T18:53:05+09:00,2026-08-30T14:28:42+09:00,"fy-19, V.W.P",https://cdn.shopify.com/s/files/1/0551/7692/1261/files/1595d325b2bc26cae46f589ce49a364d.jpg?v=1761565479
9265198891256,【V.W.P】反転パーカー 幸祜 model／4th ONE-MAN LIVE「現象Ⅳ -反転運命-」OFFICIAL GOODS 第二弾,vwp-300-0403,VWP-300-0403,L,11000,11000,False,2025-10-23T19:26:54+09:00,2026-08-30T14:28:42+09:00,2025-10-23T19:26:54+09:00,2026-08-30T14:28:42+09:00,"fy-19, V.W.P",https://cdn.shopify.com/s/files/1/0551/7692/1261/files/KOKO_4c54a7c6-c545-4b03-9137-584644fc38b7.jpg?v=1761565344
9265198891256,【V.W.P】反転パーカー 幸祜 model／4th ONE-MAN LIVE「現象Ⅳ -反転運命-」OFFICIAL GOODS 第二弾,vwp-300-0403,VWP-300-0404,XL,11000,11000,False,2025-10-23T19:26:54+09:00,2026-08-30T14:28:42+09:00,2025-10-23T19:26:54+09:00,2026-08-30T14:28:42+09:00,"fy-19, V.W.P",https://cdn.shopify.com/s/files/1/0551/7692/1261/files/KOKO_4c54a7c6-c545-4b03-9137-584644fc38b7.jpg?v=1761565344
9265207738616,【V.W.P】ペンライト／4th ONE-MAN LIVE「現象Ⅳ -反転運命-」OFFICIAL GOODS 第二弾,vwp-300-0413,VWP-300-0409,花譜,4500,4500,False,2025-10-25T12:09:29+09:00,2026-08-30T14:28:42+09:00,2025-10-23T19:47:55+09:00,2026-08-30T14:28:42+09:00,"fy-19, V.W.P",https://cdn.shopify.com/s/files/1/0551/7692/1261/files/vwp_3a645152-7184-4c02-9058-a460434e2b83.jpg?v=1761410268
9265207738616,【V.W.P】ペンライト／4th ONE-MAN LIVE「現象Ⅳ -反転運命-」OFFICIAL GOODS 第二弾,vwp-300-0413,VWP-300-0410,理芽,4500,4500,False,2025-10-25T12:09:29+09:00,2026-08-30T14:28:42+09:00,2025-10-23T19:47:55+09:00,2026-08-30T14:28:42+09:00,"fy-19, V.W.P",https://cdn.shopify.com/s/files/1/0551/7692/1261/files/vwp_3a645152-7184-4c02-9058-a460434e2b83.jpg?v=1761410268
9265207738616,【V.W.P】ペンライト／4th ONE-MAN LIVE「現象Ⅳ -反転運命-」OFFICIAL GOODS 第二弾,vwp-300-0413,VWP-300-0411,春猿火,4500,4500,False,2025-10-25T12:09:29+09:00,2026-08-30T14:28:42+09:00,2025-10-23T19:47:55+09:00,2026-08-30T14:28:42+09:00,"fy-19, V.W.P",https://cdn.shopify.com/s/files/1/0551/7692/1261/files/vwp_3a645152-7184-4c02-9058-a460434e2b83.jpg?v=1761410268
9265207738616,【V.W.P】ペンライト／4th ONE-MAN LIVE「現象Ⅳ -反転運命-」OFFICIAL GOODS 第二弾,vwp-300-0413,VWP-300-0412,ヰ世界情緒,4500,4500,False,2025-10-25T12:09:29+09:00,2026-08-30T14:28:42+09:00,2025-10-23T19:47:55+09:00,2026-08-30T14:28:42+09:00,"fy-19, V.W.P",https://cdn.shopify.com/s/files/1/0551/7692/1261/files/vwp_3a645152-7184-4c02-9058-a460434e2b83.jpg?v=1761410268
9265207738616,【V.W.P】ペンライト／4th ONE-MAN LIVE「現象Ⅳ -反転運命-」OFFICIAL GOODS 第二弾,vwp-300-0413,VWP-300-0413,幸祜,4500,4500,False,2025-10-25T12:09:29+09:00,2026-08-30T14:28:42+09:00,2025-10-23T19:47:55+09:00,2026-08-30T14:28:42+09:00,"fy-19, V.W.P",https://cdn.shopify.com/s/files/1/0551/7692/1261/files/vwp_3a645152-7184-4c02-9058-a460434e2b83.jpg?v=1761410268
9265208295672,【V.W.P】マフラータオル／4th ONE-MAN LIVE「現象Ⅳ -反転運命-」OFFICIAL GOODS 第二弾,vwp-300-0414,VWP-300-0414,Default Title,3300,3300,False,2025-10-23T19:49:34+09:00,2026-08-30T14:28:42+09:00,2025-10-23T19:49:34+09:00,2026-08-30T14:28:42+09:00,"fy-19, V.W.P",https://cdn.shopify.com/s/files/1/0551/7692/1261/files/vwp_15d7e1fd-b725-46b4-ba22-25cb1c6f462d.jpg?v=1761358570
9265209377016,【V.W.P】ラバーバンドセット／4th ONE-MAN LIVE「現象Ⅳ -反転運命-」OFFICIAL GOODS 第二弾,vwp-300-0415,VWP-300-0415,Default Title,1600,1600,False,2025-10-23T19:52:29+09:00,2026-08-30T14:28:42+09:00,2025-10-23T19:52:29+09:00,2026-08-30T14:28:42+09:00,"fy-19, V.W.P",https://cdn.shopify.com/s/files/1/0551/7692/1261/files/vwp_68fc2f0d-490c-4555-8a4a-1429fe70131c.jpg?v=1761358476
9265218158840,【V.W.P】リバーシブルトートバッグ／4th ONE-MAN LIVE「現象Ⅳ -反転運命-」OFFICIAL GOODS 第二弾,vwp-300-0416,VWP-300-0416,Default Title,4800,4800,False,2025-10-23T20:16:29+09:00,2026-08-30T14:28:42+09:00,2025-10-23T20:16:29+09:00,2026-08-30T14:28:42+09:00,"fy-19, V.W.P",https://cdn.shopify.com/s/files/1/0551/7692/1261/files/vwp_gensyou4_tote___01_2feaa697-7446-4ab3-91cb-5334edaa59b2.png?v=1761629875
9265220288760,【V.W.P】ニットキャップ／4th ONE-MAN LIVE「現象Ⅳ -反転運命-」OFFICIAL GOODS 第二弾,vwp-300-0417,VWP-300-0417,Default Title,6500,6500,False,2025-10-23T20:20:43+09:00,2026-08-30T14:28:42+09:00,2025-10-23T20:20:43+09:00,2026-08-30T14:28:42+09:00,"fy-19, V.W.P",https://cdn.shopify.com/s/files/1/0551/7692/1261/files/vwp_cap.jpg?v=1761358667
9265239163128,【V.W.P】ミラーアクリルキーホルダー／4th ONE-MAN LIVE「現象Ⅳ -反転運命-」OFFICIAL GOODS 第二弾,vwp-300-0423,VWP-300-0423,花譜,1500,1500,False,2025-10-25T11:52:17+09:00,2026-08-30T14:28:42+09:00,2025-10-23T20:40:06+09:00,2026-08-30T14:28:42+09:00,"fy-19, V.W.P",https://cdn.shopify.com/s/files/1/0551/7692/1261/files/fbf94ad3358516cb627ad3a4097fb27d.jpg?v=1761568427
9265239163128,【V.W.P】ミラーアクリルキーホルダー／4th ONE-MAN LIVE「現象Ⅳ -反転運命-」OFFICIAL GOODS 第二弾,vwp-300-0423,VWP-300-0424,理芽,1500,1500,False,2025-10-25T11:52:17+09:00,2026-08-30T14:28:42+09:00,2025-10-23T20:40:06+09:00,2026-08-30T14:28:42+09:00,"fy-19, V.W.P",https://cdn.shopify.com/s/files/1/0551/7692/1261/files/fbf94ad3358516cb627ad3a4097fb27d.jpg?v=1761568427
9265239163128,【V.W.P】ミラーアクリルキーホルダー／4th ONE-MAN LIVE「現象Ⅳ -反転運命-」OFFICIAL GOODS 第二弾,vwp-300-0423,VWP-300-0425,春猿火,1500,1500,False,2025-10-25T11:52:17+09:00,2026-08-30T14:28:42+09:00,2025-10-23T20:40:06+09:00,2026-08-30T14:28:42+09:00,"fy-19, V.W.P",https://cdn.shopify.com/s/files/1/0551/7692/1261/files/fbf94ad3358516cb627ad3a4097fb27d.jpg?v=1761568427
9265239163128,【V.W.P】ミラーアクリルキーホルダー／4th ONE-MAN LIVE「現象Ⅳ -反転運命-」OFFICIAL GOODS 第二弾,vwp-300-0423,VWP-300-0426,ヰ世界情緒,1500,1500,False,2025-10-25T11:52:17+09:00,2026-08-30T14:28:42+09:00,2025-10-23T20:40:06+09:00,2026-08-30T14:28:42+09:00,"fy-19, V.W.P",https://cdn.shopify.com/s/files/1/0551/7692/1261/files/fbf94ad3358516cb627ad3a4097fb27d.jpg?v=1761568427
9265239163128,【V.W.P】ミラーアクリルキーホルダー／4th ONE-MAN LIVE「現象Ⅳ -反転運命-」OFFICIAL GOODS 第二弾,vwp-300-0423,VWP-300-0427,幸祜,1500,1500,False,2025-10-25T11:52:17+09:00,2026-08-30T14:28:42+09:00,2025-10-23T20:40:06+09:00,2026-08-30T14:28:42+09:00,"fy-19, V.W.P",https://cdn.shopify.com/s/files/1/0551/7692/1261/files/fbf94ad3358516cb627ad3a4097fb27d.jpg?v=1761568427
9265239851256,【V.W.P】ランダムホログラム缶バッジ（全5種）／4th ONE-MAN LIVE「現象Ⅳ -反転運命-」OFFICIAL GOODS 第二弾,vwp-300-0428,VWP-300-0428,Default Title,600,600,False,2025-10-23T20:41:11+09:00,2026-08-30T14:28:42+09:00,2025-10-23T20:41:11+09:00,2026-08-30T14:28:42+09:00,"fy-19, V.W.P",https://cdn.shopify.com/s/files/1/0551/7692/1261/files/4c78e9e6ea1f248a9cf6957486ae7fea_a35b0974-c927-4d59-a363-022f2d01935d.jpg?v=1761565998
9062954402040,【V.W.P】アクリルアートパネル／THINKR XR CLASSICS presents KAMITSUBAKI FILM CONCERT「神椿演奏会／想像」,vwp-300-0311,VWP-300-0311,Default Title,6600,6600,False,2025-05-08T12:05:07+09:00,2026-08-30T14:28:42+09:00,2025-05-08T12:05:07+09:00,2026-08-30T14:28:42+09:00,"fy-19, V.W.P",https://cdn.shopify.com/s/files/1/0551/7692/1261/files/artpanel_c09226af-a812-4c5e-89e7-b2455b66df5e.jpg?v=1747152439
9421921222904,【V.W.P】5th Anniversary メモリアルブルゾン／V.W.P 5th Anniversary OFFICIAL GOODS,vwp-300-0476,VWP-300-0476,L,29800,29800,False,2026-03-02T13:52:39+09:00,2026-08-30T14:28:42+09:00,2026-03-02T13:49:03+09:00,2026-08-30T14:28:42+09:00,"fy-20, V.W.P",https://cdn.shopify.com/s/files/1/0551/7692/1261/files/1_09139609-9ddf-443b-8b1d-68b6500a7230.jpg?v=1773011169
9421921222904,【V.W.P】5th Anniversary メモリアルブルゾン／V.W.P 5th Anniversary OFFICIAL GOODS,vwp-300-0476,VWP-300-0477,XL,29800,29800,False,2026-03-02T13:52:39+09:00,2026-08-30T14:28:42+09:00,2026-03-02T13:49:03+09:00,2026-08-30T14:28:42+09:00,"fy-20, V.W.P",https://cdn.shopify.com/s/files/1/0551/7692/1261/files/1_09139609-9ddf-443b-8b1d-68b6500a7230.jpg?v=1773011169
9421941342456,【V.W.P】額装アート（シリアルナンバー入り）／V.W.P 5th Anniversary OFFICIAL GOODS,vwp-300-0478,VWP-300-0478,Default Title,27000,27000,False,2026-03-02T13:56:23+09:00,2026-08-30T14:28:42+09:00,2026-03-02T13:56:23+09:00,2026-08-30T14:28:42+09:00,"fy-20, V.W.P",https://cdn.shopify.com/s/files/1/0551/7692/1261/files/v.w.p.jpg?v=1773003252
9421947404536,【V.W.P】デスクマット／V.W.P 5th Anniversary OFFICIAL GOODS,vwp-300-0479,VWP-300-0479,Default Title,4400,4400,False,2026-03-02T13:58:42+09:00,2026-08-30T14:28:42+09:00,2026-03-02T13:58:42+09:00,2026-08-30T14:28:42+09:00,"fy-20, V.W.P",https://cdn.shopify.com/s/files/1/0551/7692/1261/files/vwp_08b575f8-8a32-4b29-b595-bcc5f529cd94.jpg?v=1773011037
9421953564920,【V.W.P】アクリルスタンド 姫連雀 花譜 ver.／V.W.P 5th Anniversary OFFICIAL GOODS,vwp-300-0480,VWP-300-0480,Default Title,2700,2700,False,2026-03-02T14:01:13+09:00,2026-08-30T14:28:42+09:00,2026-03-02T14:01:13+09:00,2026-08-30T14:28:42+09:00,"fy-20, V.W.P",https://cdn.shopify.com/s/files/1/0551/7692/1261/files/08ca90cd27cf89df012cc8e890636cc2_a2bd3ec5-7a8c-4d79-b2a5-8eaad3057db6.jpg?v=1773011762
9421959856376,【V.W.P】アクリルスタンド 姫連雀 理芽 ver.／V.W.P 5th Anniversary OFFICIAL GOODS,vwp-300-0481,VWP-300-0481,Default Title,2700,2700,False,2026-03-02T14:03:54+09:00,2026-08-30T14:28:42+09:00,2026-03-02T14:03:53+09:00,2026-08-30T14:28:42+09:00,"fy-20, V.W.P",https://cdn.shopify.com/s/files/1/0551/7692/1261/files/34af301dce7bce0f3e573b586fee892a_5adc6eae-6f4f-4e22-8acc-3e9450445afb.jpg?v=1773011398
9421963034872,【V.W.P】アクリルスタンド 姫連雀 春猿火 ver.／V.W.P 5th Anniversary OFFICIAL GOODS,vwp-300-0482,VWP-300-0482,Default Title,2700,2700,False,2026-03-02T14:05:29+09:00,2026-08-30T14:28:42+09:00,2026-03-02T14:05:29+09:00,2026-08-30T14:28:42+09:00,"fy-20, V.W.P",https://cdn.shopify.com/s/files/1/0551/7692/1261/files/6355d8b9ae8b0c4bd82502145f472ac0_0f313393-9de4-4ece-a496-13f7c8e7f3fd.jpg?v=1773011378
9421965328632,【V.W.P】アクリルスタンド 姫連雀 ヰ世界情緒 ver.／V.W.P 5th Anniversary OFFICIAL GOODS,vwp-300-0483,VWP-300-0483,Default Title,2700,2700,False,2026-03-02T14:07:00+09:00,2026-08-30T14:28:42+09:00,2026-03-02T14:07:00+09:00,2026-08-30T14:28:42+09:00,"fy-20, V.W.P",https://cdn.shopify.com/s/files/1/0551/7692/1261/files/bf720e421988f02e3251793e3d48ea99.jpg?v=1773011353
9421965525240,【V.W.P】アクリルスタンド 姫連雀 幸祜 ver.／V.W.P 5th Anniversary OFFICIAL GOODS,vwp-300-0484,VWP-300-0484,Default Title,2700,2700,False,2026-03-02T14:08:22+09:00,2026-08-30T14:28:42+09:00,2026-03-02T14:08:22+09:00,2026-08-30T14:28:42+09:00,"fy-20, V.W.P",https://cdn.shopify.com/s/files/1/0551/7692/1261/files/7dab8461ca2b8f9c58925bc26ba52631.jpg?v=1773011332
9411729195256,【V.W.P】ビジュアルバスタオル／4th ONE-MAN LIVE「現象Ⅳ -反転運命-」OFFICIAL GOODS 第二弾,vwp-300-0440,VWP-300-0440,花譜,4500,4500,False,2026-02-19T18:55:29+09:00,2026-08-30T14:28:42+09:00,2026-02-19T18:50:34+09:00,2026-08-30T14:28:42+09:00,"fy-19, V.W.P",https://cdn.shopify.com/s/files/1/0551/7692/1261/files/b4cc61da74229e13542df835f286632a.jpg?v=1771645400
9411729195256,【V.W.P】ビジュアルバスタオル／4th ONE-MAN LIVE「現象Ⅳ -反転運命-」OFFICIAL GOODS 第二弾,vwp-300-0440,VWP-300-0441,理芽,4500,4500,False,2026-02-19T18:55:29+09:00,2026-08-30T14:28:42+09:00,2026-02-19T18:50:34+09:00,2026-08-30T14:28:42+09:00,"fy-19, V.W.P",https://cdn.shopify.com/s/files/1/0551/7692/1261/files/b4cc61da74229e13542df835f286632a.jpg?v=1771645400
9411729195256,【V.W.P】ビジュアルバスタオル／4th ONE-MAN LIVE「現象Ⅳ -反転運命-」OFFICIAL GOODS 第二弾,vwp-300-0440,VWP-300-0442,春猿火,4500,4500,False,2026-02-19T18:55:29+09:00,2026-08-30T14:28:42+09:00,2026-02-19T18:50:34+09:00,2026-08-30T14:28:42+09:00,"fy-19, V.W.P",https://cdn.shopify.com/s/files/1/0551/7692/1261/files/b4cc61da74229e13542df835f286632a.jpg?v=1771645400
9411729195256,【V.W.P】ビジュアルバスタオル／4th ONE-MAN LIVE「現象Ⅳ -反転運命-」OFFICIAL GOODS 第二弾,vwp-300-0440,VWP-300-0443,ヰ世界情緒,4500,4500,False,2026-02-19T18:55:29+09:00,2026-08-30T14:28:42+09:00,2026-02-19T18:50:34+09:00,2026-08-30T14:28:42+09:00,"fy-19, V.W.P",https://cdn.shopify.com/s/files/1/0551/7692/1261/files/b4cc61da74229e13542df835f286632a.jpg?v=1771645400
9411729195256,【V.W.P】ビジュアルバスタオル／4th ONE-MAN LIVE「現象Ⅳ -反転運命-」OFFICIAL GOODS 第二弾,vwp-300-0440,VWP-300-0444,幸祜,4500,4500,False,2026-02-19T18:55:29+09:00,2026-08-30T14:28:42+09:00,2026-02-19T18:50:34+09:00,2026-08-30T14:28:42+09:00,"fy-19, V.W.P",https://cdn.shopify.com/s/files/1/0551/7692/1261/files/b4cc61da74229e13542df835f286632a.jpg?v=1771645400
9411731161336,【V.W.P】アクリルスタンド New Year Illustration ver.／4th ONE-MAN LIVE「現象Ⅳ -反転運命-」OFFICIAL GOODS 第二弾,vwp-300-0445,VWP-300-0445,花譜,2700,2700,False,2026-02-19T19:02:53+09:00,2026-08-30T14:28:42+09:00,2026-02-19T18:59:12+09:00,2026-08-30T14:28:42+09:00,"fy-20, V.W.P",https://cdn.shopify.com/s/files/1/0551/7692/1261/files/a7261c06c2290cc8006d1a98e0fcf8ff_91e8215c-1e4c-4d6b-aff0-264b1bc6ced8.jpg?v=1771644233
9411731161336,【V.W.P】アクリルスタンド New Year Illustration ver.／4th ONE-MAN LIVE「現象Ⅳ -反転運命-」OFFICIAL GOODS 第二弾,vwp-300-0445,VWP-300-0446,理芽,2700,2700,False,2026-02-19T19:02:53+09:00,2026-08-30T14:28:42+09:00,2026-02-19T18:59:12+09:00,2026-08-30T14:28:42+09:00,"fy-20, V.W.P",https://cdn.shopify.com/s/files/1/0551/7692/1261/files/a7261c06c2290cc8006d1a98e0fcf8ff_91e8215c-1e4c-4d6b-aff0-264b1bc6ced8.jpg?v=1771644233
9411731161336,【V.W.P】アクリルスタンド New Year Illustration ver.／4th ONE-MAN LIVE「現象Ⅳ -反転運命-」OFFICIAL GOODS 第二弾,vwp-300-0445,VWP-300-0447,春猿火,2700,2700,False,2026-02-19T19:02:53+09:00,2026-08-30T14:28:42+09:00,2026-02-19T18:59:12+09:00,2026-08-30T14:28:42+09:00,"fy-20, V.W.P",https://cdn.shopify.com/s/files/1/0551/7692/1261/files/a7261c06c2290cc8006d1a98e0fcf8ff_91e8215c-1e4c-4d6b-aff0-264b1bc6ced8.jpg?v=1771644233
9411731161336,【V.W.P】アクリルスタンド New Year Illustration ver.／4th ONE-MAN LIVE「現象Ⅳ -反転運命-」OFFICIAL GOODS 第二弾,vwp-300-0445,VWP-300-0448,ヰ世界情緒,2700,2700,False,2026-02-19T19:02:53+09:00,2026-08-30T14:28:42+09:00,2026-02-19T18:59:12+09:00,2026-08-30T14:28:42+09:00,"fy-20, V.W.P",https://cdn.shopify.com/s/files/1/0551/7692/1261/files/a7261c06c2290cc8006d1a98e0fcf8ff_91e8215c-1e4c-4d6b-aff0-264b1bc6ced8.jpg?v=1771644233
9411731161336,【V.W.P】アクリルスタンド New Year Illustration ver.／4th ONE-MAN LIVE「現象Ⅳ -反転運命-」OFFICIAL GOODS 第二弾,vwp-300-0445,VWP-300-0449,幸祜,2700,2700,False,2026-02-19T19:02:53+09:00,2026-08-30T14:28:42+09:00,2026-02-19T18:59:12+09:00,2026-08-30T14:28:42+09:00,"fy-20, V.W.P",https://cdn.shopify.com/s/files/1/0551/7692/1261/files/a7261c06c2290cc8006d1a98e0fcf8ff_91e8215c-1e4c-4d6b-aff0-264b1bc6ced8.jpg?v=1771644233
9411732177144,【V.W.P】ミニタペストリー New Year Illustration ver.／4th ONE-MAN LIVE「現象Ⅳ -反転運命-」OFFICIAL GOODS 第二弾,vwp-300-0450,VWP-300-0450,花譜,2300,2300,False,2026-02-19T19:06:15+09:00,2026-08-30T14:28:42+09:00,2026-02-19T19:06:15+09:00,2026-08-30T14:28:42+09:00,"fy-20, V.W.P",https://cdn.shopify.com/s/files/1/0551/7692/1261/files/2271079539a9fbad80187525e5c1b19a.jpg?v=1771643759
9411732177144,【V.W.P】ミニタペストリー New Year Illustration ver.／4th ONE-MAN LIVE「現象Ⅳ -反転運命-」OFFICIAL GOODS 第二弾,vwp-300-0450,VWP-300-0451,理芽,2300,2300,False,2026-02-19T19:06:15+09:00,2026-08-30T14:28:42+09:00,2026-02-19T19:06:15+09:00,2026-08-30T14:28:42+09:00,"fy-20, V.W.P",https://cdn.shopify.com/s/files/1/0551/7692/1261/files/2271079539a9fbad80187525e5c1b19a.jpg?v=1771643759
9411732177144,【V.W.P】ミニタペストリー New Year Illustration ver.／4th ONE-MAN LIVE「現象Ⅳ -反転運命-」OFFICIAL GOODS 第二弾,vwp-300-0450,VWP-300-0452,春猿火,2300,2300,False,2026-02-19T19:06:15+09:00,2026-08-30T14:28:42+09:00,2026-02-19T19:06:15+09:00,2026-08-30T14:28:42+09:00,"fy-20, V.W.P",https://cdn.shopify.com/s/files/1/0551/7692/1261/files/2271079539a9fbad80187525e5c1b19a.jpg?v=1771643759
9411732177144,【V.W.P】ミニタペストリー New Year Illustration ver.／4th ONE-MAN LIVE「現象Ⅳ -反転運命-」OFFICIAL GOODS 第二弾,vwp-300-0450,VWP-300-0453,ヰ世界情緒,2300,2300,False,2026-02-19T19:06:15+09:00,2026-08-30T14:28:42+09:00,2026-02-19T19:06:15+09:00,2026-08-30T14:28:42+09:00,"fy-20, V.W.P",https://cdn.shopify.com/s/files/1/0551/7692/1261/files/2271079539a9fbad80187525e5c1b19a.jpg?v=1771643759
9411732177144,【V.W.P】ミニタペストリー New Year Illustration ver.／4th ONE-MAN LIVE「現象Ⅳ -反転運命-」OFFICIAL GOODS 第二弾,vwp-300-0450,VWP-300-0454,幸祜,2300,2300,False,2026-02-19T19:06:15+09:00,2026-08-30T14:28:42+09:00,2026-02-19T19:06:15+09:00,2026-08-30T14:28:42+09:00,"fy-20, V.W.P",https://cdn.shopify.com/s/files/1/0551/7692/1261/files/2271079539a9fbad80187525e5c1b19a.jpg?v=1771643759
9411734438136,【V.W.P】アクリルキーホルダー New Year Illustration ver.／4th ONE-MAN LIVE「現象Ⅳ -反転運命-」OFFICIAL GOODS 第二弾,vwp-300-0455,VWP-300-0455,花譜,1500,1500,False,2026-02-19T19:17:28+09:00,2026-08-30T14:28:42+09:00,2026-02-19T19:17:28+09:00,2026-08-30T14:28:42+09:00,"fy-20, V.W.P",https://cdn.shopify.com/s/files/1/0551/7692/1261/files/c25dd3f160a2e1d260d808b68e099979.jpg?v=1771642655
9411734438136,【V.W.P】アクリルキーホルダー New Year Illustration ver.／4th ONE-MAN LIVE「現象Ⅳ -反転運命-」OFFICIAL GOODS 第二弾,vwp-300-0455,VWP-300-0456,理芽,1500,1500,False,2026-02-19T19:17:28+09:00,2026-08-30T14:28:42+09:00,2026-02-19T19:17:28+09:00,2026-08-30T14:28:42+09:00,"fy-20, V.W.P",https://cdn.shopify.com/s/files/1/0551/7692/1261/files/c25dd3f160a2e1d260d808b68e099979.jpg?v=1771642655
9411734438136,【V.W.P】アクリルキーホルダー New Year Illustration ver.／4th ONE-MAN LIVE「現象Ⅳ -反転運命-」OFFICIAL GOODS 第二弾,vwp-300-0455,VWP-300-0457,春猿火,1500,1500,False,2026-02-19T19:17:28+09:00,2026-08-30T14:28:42+09:00,2026-02-19T19:17:28+09:00,2026-08-30T14:28:42+09:00,"fy-20, V.W.P",https://cdn.shopify.com/s/files/1/0551/7692/1261/files/c25dd3f160a2e1d260d808b68e099979.jpg?v=1771642655
9411734438136,【V.W.P】アクリルキーホルダー New Year Illustration ver.／4th ONE-MAN LIVE「現象Ⅳ -反転運命-」OFFICIAL GOODS 第二弾,vwp-300-0455,VWP-300-0458,ヰ世界情緒,1500,1500,False,2026-02-19T19:17:28+09:00,2026-08-30T14:28:42+09:00,2026-02-19T19:17:28+09:00,2026-08-30T14:28:42+09:00,"fy-20, V.W.P",https://cdn.shopify.com/s/files/1/0551/7692/1261/files/c25dd3f160a2e1d260d808b68e099979.jpg?v=1771642655
9411734438136,【V.W.P】アクリルキーホルダー New Year Illustration ver.／4th ONE-MAN LIVE「現象Ⅳ -反転運命-」OFFICIAL GOODS 第二弾,vwp-300-0455,VWP-300-0459,幸祜,1500,1500,False,2026-02-19T19:17:28+09:00,2026-08-30T14:28:42+09:00,2026-02-19T19:17:28+09:00,2026-08-30T14:28:42+09:00,"fy-20, V.W.P",https://cdn.shopify.com/s/files/1/0551/7692/1261/files/c25dd3f160a2e1d260d808b68e099979.jpg?v=1771642655
9411735027960,【V.W.P】ランダム缶バッジ New Year Illustration ver.（全5種）／4th ONE-MAN LIVE「現象Ⅳ -反転運命-」OFFICIAL GOODS 第二弾,vwp-300-0460,VWP-300-0460,Default Title,500,500,False,2026-02-19T19:24:59+09:00,2026-08-30T14:28:42+09:00,2026-02-19T19:24:58+09:00,2026-08-30T14:28:42+09:00,"fy-20, V.W.P",https://cdn.shopify.com/s/files/1/0551/7692/1261/files/1723a124de0edf0373c35931c9b2201b.jpg?v=1771643680
9411798401272,【V.W.P】ランダムアクリルキーホルダー face icon side ver.（全5種）／4th ONE-MAN LIVE「現象Ⅳ -反転運命-」OFFICIAL GOODS 第二弾,vwp-300-0465,VWP-300-0465,Default Title,800,800,False,2026-02-19T20:55:54+09:00,2026-08-30T14:28:42+09:00,2026-02-19T20:55:54+09:00,2026-08-30T14:28:42+09:00,"fy-20, V.W.P",https://cdn.shopify.com/s/files/1/0551/7692/1261/files/da5f2958dc01714ac8f29b6843da71ba.jpg?v=1771641859
9411798532344,【V.W.P】ランダムマメ缶バッジ face icon side ver.（全5種）／4th ONE-MAN LIVE「現象Ⅳ -反転運命-」OFFICIAL GOODS 第二弾,vwp-300-0466,VWP-300-0466,Default Title,400,400,False,2026-02-19T20:57:46+09:00,2026-08-30T14:28:42+09:00,2026-02-19T20:57:46+09:00,2026-08-30T14:28:42+09:00,"fy-20, V.W.P",https://cdn.shopify.com/s/files/1/0551/7692/1261/files/1a57f396f35867e9ecf2c0c473e1222c.jpg?v=1771641694
9411798827256,【V.W.P】3層アクリルフレームアート（シリアルナンバー入り）／4th ONE-MAN LIVE「現象Ⅳ -反転運命-」OFFICIAL GOODS 第二弾,vwp-300-0470,VWP-300-0470,Default Title,33000,33000,False,2026-02-19T21:02:24+09:00,2026-08-30T14:28:42+09:00,2026-02-19T21:02:24+09:00,2026-08-30T14:28:42+09:00,"fy-20, V.W.P",https://cdn.shopify.com/s/files/1/0551/7692/1261/files/AKM_9225ok.jpg?v=1771641295
9411799122168,【V.W.P】おすわりぬいぐるみ 姫連雀 ver.／4th ONE-MAN LIVE「現象Ⅳ -反転運命-」OFFICIAL GOODS 第二弾,vwp-300-0471,VWP-300-0471,花譜,4500,4500,False,2026-02-19T21:08:53+09:00,2026-08-30T14:28:42+09:00,2026-02-19T21:05:31+09:00,2026-08-30T14:28:42+09:00,"fy-20, V.W.P",https://cdn.shopify.com/s/files/1/0551/7692/1261/files/dollall_3cfb4690-cc2c-443b-836d-f37d775f1796.jpg?v=1771590649
9411799122168,【V.W.P】おすわりぬいぐるみ 姫連雀 ver.／4th ONE-MAN LIVE「現象Ⅳ -反転運命-」OFFICIAL GOODS 第二弾,vwp-300-0471,VWP-300-0472,理芽,4500,4500,False,2026-02-19T21:08:53+09:00,2026-08-30T14:28:42+09:00,2026-02-19T21:05:31+09:00,2026-08-30T14:28:42+09:00,"fy-20, V.W.P",https://cdn.shopify.com/s/files/1/0551/7692/1261/files/dollall_3cfb4690-cc2c-443b-836d-f37d775f1796.jpg?v=1771590649
9411799122168,【V.W.P】おすわりぬいぐるみ 姫連雀 ver.／4th ONE-MAN LIVE「現象Ⅳ -反転運命-」OFFICIAL GOODS 第二弾,vwp-300-0471,VWP-300-0473,春猿火,4500,4500,False,2026-02-19T21:08:53+09:00,2026-08-30T14:28:42+09:00,2026-02-19T21:05:31+09:00,2026-08-30T14:28:42+09:00,"fy-20, V.W.P",https://cdn.shopify.com/s/files/1/0551/7692/1261/files/dollall_3cfb4690-cc2c-443b-836d-f37d775f1796.jpg?v=1771590649
9411799122168,【V.W.P】おすわりぬいぐるみ 姫連雀 ver.／4th ONE-MAN LIVE「現象Ⅳ -反転運命-」OFFICIAL GOODS 第二弾,vwp-300-0471,VWP-300-0474,ヰ世界情緒,4500,4500,False,2026-02-19T21:08:53+09:00,2026-08-30T14:28:42+09:00,2026-02-19T21:05:31+09:00,2026-08-30T14:28:42+09:00,"fy-20, V.W.P",https://cdn.shopify.com/s/files/1/0551/7692/1261/files/dollall_3cfb4690-cc2c-443b-836d-f37d775f1796.jpg?v=1771590649
9411799122168,【V.W.P】おすわりぬいぐるみ 姫連雀 ver.／4th ONE-MAN LIVE「現象Ⅳ -反転運命-」OFFICIAL GOODS 第二弾,vwp-300-0471,VWP-300-0475,幸祜,4500,4500,False,2026-02-19T21:08:53+09:00,2026-08-30T14:28:42+09:00,2026-02-19T21:05:31+09:00,2026-08-30T14:28:42+09:00,"fy-20, V.W.P",https://cdn.shopify.com/s/files/1/0551/7692/1261/files/dollall_3cfb4690-cc2c-443b-836d-f37d775f1796.jpg?v=1771590649
9411796926712,【V.W.P】ランダムおなまえアクリルバッジ face icon side ver.（全5種）／4th ONE-MAN LIVE「現象Ⅳ -反転運命-」OFFICIAL GOODS 第二弾,vwp-300-0464,VWP-300-0464,Default Title,800,800,False,2026-02-19T20:53:54+09:00,2026-08-30T14:28:42+09:00,2026-02-19T20:53:54+09:00,2026-08-30T14:28:42+09:00,"fy-20, V.W.P",https://cdn.shopify.com/s/files/1/0551/7692/1261/files/562d4421952267749c0569d4c74f84ea.jpg?v=1771641983
8991154798840,【V.W.P】「現象Ⅲ-神椿市探訪中-」キービジュアルTシャツ／SINKA LIVE SERIES EP.Ⅵ V.W.P 3rd ONE-MAN LIVE「現象Ⅲ-神椿市探訪中-」第二弾,vwp-300-0297,VWP-300-0297,M,5500,5500,False,2025-03-12T13:34:55+09:00,2026-08-30T14:28:42+09:00,2025-03-12T13:33:38+09:00,2026-08-30T14:28:42+09:00,"fy-19, V.W.P",https://cdn.shopify.com/s/files/1/0551/7692/1261/files/tee_054cc794-119b-4b96-8f74-98b98b64c895.jpg?v=1742456005
8991154798840,【V.W.P】「現象Ⅲ-神椿市探訪中-」キービジュアルTシャツ／SINKA LIVE SERIES EP.Ⅵ V.W.P 3rd ONE-MAN LIVE「現象Ⅲ-神椿市探訪中-」第二弾,vwp-300-0297,VWP-300-0298,L,5500,5500,False,2025-03-12T13:34:55+09:00,2026-08-30T14:28:42+09:00,2025-03-12T13:33:38+09:00,2026-08-30T14:28:42+09:00,"fy-19, V.W.P",https://cdn.shopify.com/s/files/1/0551/7692/1261/files/tee_054cc794-119b-4b96-8f74-98b98b64c895.jpg?v=1742456005
8991154798840,【V.W.P】「現象Ⅲ-神椿市探訪中-」キービジュアルTシャツ／SINKA LIVE SERIES EP.Ⅵ V.W.P 3rd ONE-MAN LIVE「現象Ⅲ-神椿市探訪中-」第二弾,vwp-300-0297,VWP-300-0299,XL,5500,5500,False,2025-03-12T13:34:55+09:00,2026-08-30T14:28:42+09:00,2025-03-12T13:33:38+09:00,2026-08-30T14:28:42+09:00,"fy-19, V.W.P",https://cdn.shopify.com/s/files/1/0551/7692/1261/files/tee_054cc794-119b-4b96-8f74-98b98b64c895.jpg?v=1742456005
8230690521336,【V.W.P】Anniversary Watch type:ISEKAIJOUCHO／SINKA LIVE EP.Ⅴ V.W.P／2nd ONE-MAN LIVE「現象Ⅱ -魔女拡成-」グッズ第二弾,vwp-300-143,VWP-300-0143,Default Title,27500,27500,False,2023-12-26T15:14:32+09:00,2026-08-30T14:28:42+09:00,2023-12-26T15:14:32+09:00,2026-08-30T14:28:42+09:00,"fy-18, V.W.P",https://cdn.shopify.com/s/files/1/0551/7692/1261/files/SK_isekai0614ok.jpg?v=1704069782
8231181975800,【V.W.P】「覚醒」（type：V.W.P）／V.W.P 2nd ALBUM「覚醒」＆ 花譜 3rd Remix ALBUM「狂想γ」,ktr-000-0139,KTR-000-0139,Default Title,2500,2500,False,2023-12-27T13:36:19+09:00,2026-08-30T14:28:42+09:00,2023-12-27T13:36:19+09:00,2026-08-30T14:28:42+09:00,"fy-17, V.W.P",https://cdn.shopify.com/s/files/1/0551/7692/1261/files/vwp___H1_0123_cbdc77f6-c996-4a3e-bb0f-83758ba96d33.jpg?v=1706011483
8804570300664,【V.W.P】オルゴール「魔女（真）」／2nd ONE-MAN LIVE「現象Ⅱ（再）-魔女拡成-」第二弾,vwp-300-0242,VWP-300-0242,Default Title,17000,17000,False,2024-10-25T19:36:04+09:00,2026-08-30T14:28:42+09:00,2024-10-25T19:36:04+09:00,2026-08-30T14:28:42+09:00,"fy-18, V.W.P",https://cdn.shopify.com/s/files/1/0551/7692/1261/files/orgel2_db324c5c-4783-4bfa-96b7-2ec442548deb.jpg?v=1730250986
8991192416504,【V.W.P】ミニキャラランダムアクキー／SINKA LIVE SERIES EP.Ⅵ V.W.P 3rd ONE-MAN LIVE「現象Ⅲ-神椿市探訪中-」第二弾,vwp-300-0303,VWP-300-0303,Default Title,800,800,False,2025-03-12T14:48:00+09:00,2026-08-30T14:28:42+09:00,2025-03-12T14:48:00+09:00,2026-08-30T14:28:42+09:00,"fy-19, V.W.P",https://cdn.shopify.com/s/files/1/0551/7692/1261/files/randomackey.jpg?v=1742538242
8036498079992,【V.W.P】「運命」（type：KAF）（通常盤）／1st ALBUM「運命」,ktr-000-0109,KTR-000-0109,Default Title,5000,5000,False,2023-08-13T11:38:46+09:00,2026-08-30T14:28:42+09:00,2023-08-13T11:38:46+09:00,2026-08-30T14:28:42+09:00,"fy-17, V.W.P",https://cdn.shopify.com/s/files/1/0551/7692/1261/files/656f822412ee481ab9ea9f9376713492_007683cc-68e3-4b82-8c50-daac543c844b.jpg?v=1691894339
9265184440568,【V.W.P】反転パーカー 花譜 model／4th ONE-MAN LIVE「現象Ⅳ -反転運命-」OFFICIAL GOODS 第二弾,vwp-300-0395,VWP-300-0395,L,11000,11000,False,2025-10-23T18:45:27+09:00,2026-08-30T14:28:42+09:00,2025-10-23T18:43:14+09:00,2026-08-30T14:28:42+09:00,"fy-19, V.W.P",https://cdn.shopify.com/s/files/1/0551/7692/1261/files/kaf_ba8fbe1f-f050-4d5d-a949-620a662c4b1a.jpg?v=1761565672
9265184440568,【V.W.P】反転パーカー 花譜 model／4th ONE-MAN LIVE「現象Ⅳ -反転運命-」OFFICIAL GOODS 第二弾,vwp-300-0395,VWP-300-0396,XL,11000,11000,False,2025-10-23T18:45:27+09:00,2026-08-30T14:28:42+09:00,2025-10-23T18:43:14+09:00,2026-08-30T14:28:42+09:00,"fy-19, V.W.P",https://cdn.shopify.com/s/files/1/0551/7692/1261/files/kaf_ba8fbe1f-f050-4d5d-a949-620a662c4b1a.jpg?v=1761565672
9265229955320,【V.W.P】アクリルスタンド／4th ONE-MAN LIVE「現象Ⅳ -反転運命-」OFFICIAL GOODS 第二弾,vwp-300-0418,VWP-300-0418,花譜,2700,2700,False,2025-10-25T12:04:18+09:00,2026-08-30T14:28:42+09:00,2025-10-23T20:31:23+09:00,2026-08-30T14:28:42+09:00,"fy-19, V.W.P",https://cdn.shopify.com/s/files/1/0551/7692/1261/files/vwp_b8113da0-1f3d-47fa-997c-2b2b2706f048.jpg?v=1761367092
9265229955320,【V.W.P】アクリルスタンド／4th ONE-MAN LIVE「現象Ⅳ -反転運命-」OFFICIAL GOODS 第二弾,vwp-300-0418,VWP-300-0419,理芽,2700,2700,False,2025-10-25T12:04:18+09:00,2026-08-30T14:28:42+09:00,2025-10-23T20:31:23+09:00,2026-08-30T14:28:42+09:00,"fy-19, V.W.P",https://cdn.shopify.com/s/files/1/0551/7692/1261/files/vwp_b8113da0-1f3d-47fa-997c-2b2b2706f048.jpg?v=1761367092
9265229955320,【V.W.P】アクリルスタンド／4th ONE-MAN LIVE「現象Ⅳ -反転運命-」OFFICIAL GOODS 第二弾,vwp-300-0418,VWP-300-0420,春猿火,2700,2700,False,2025-10-25T12:04:18+09:00,2026-08-30T14:28:42+09:00,2025-10-23T20:31:23+09:00,2026-08-30T14:28:42+09:00,"fy-19, V.W.P",https://cdn.shopify.com/s/files/1/0551/7692/1261/files/vwp_b8113da0-1f3d-47fa-997c-2b2b2706f048.jpg?v=1761367092
9265229955320,【V.W.P】アクリルスタンド／4th ONE-MAN LIVE「現象Ⅳ -反転運命-」OFFICIAL GOODS 第二弾,vwp-300-0418,VWP-300-0421,ヰ世界情緒,2700,2700,False,2025-10-25T12:04:18+09:00,2026-08-30T14:28:42+09:00,2025-10-23T20:31:23+09:00,2026-08-30T14:28:42+09:00,"fy-19, V.W.P",https://cdn.shopify.com/s/files/1/0551/7692/1261/files/vwp_b8113da0-1f3d-47fa-997c-2b2b2706f048.jpg?v=1761367092
9265229955320,【V.W.P】アクリルスタンド／4th ONE-MAN LIVE「現象Ⅳ -反転運命-」OFFICIAL GOODS 第二弾,vwp-300-0418,VWP-300-0422,幸祜,2700,2700,False,2025-10-25T12:04:18+09:00,2026-08-30T14:28:42+09:00,2025-10-23T20:31:23+09:00,2026-08-30T14:28:42+09:00,"fy-19, V.W.P",https://cdn.shopify.com/s/files/1/0551/7692/1261/files/vwp_b8113da0-1f3d-47fa-997c-2b2b2706f048.jpg?v=1761367092
9238562767096,【V.W.P】「反転」（type：RIM）（初回限定盤）／3rd ALBUM「反転」,ktr-000-0218,KTR-000-0218,Default Title,9350,9350,False,2025-10-01T16:09:49+09:00,2026-08-30T14:28:42+09:00,2025-10-01T16:09:49+09:00,2026-08-30T14:28:42+09:00,"fy-19, V.W.P",https://cdn.shopify.com/s/files/1/0551/7692/1261/files/jkt5_a135d341-fe71-48d9-b7d5-333587726984.jpg?v=1759463184
9238565847288,【V.W.P】「反転」（type：HARUSARUHI）（初回限定盤）／3rd ALBUM「反転」,ktr-000-0219,KTR-000-0219,Default Title,9350,9350,False,2025-10-01T16:11:43+09:00,2026-08-30T14:28:42+09:00,2025-10-01T16:11:43+09:00,2026-08-30T14:28:42+09:00,"fy-19, V.W.P",https://cdn.shopify.com/s/files/1/0551/7692/1261/files/jkt4_6481cda1-6c1b-448c-b1ce-7bbdb480e48e.jpg?v=1759463156
9238569910520,【V.W.P】「反転」（type：KOKO）（初回限定盤）／3rd ALBUM「反転」,ktr-000-0221,KTR-000-0221,Default Title,9350,9350,False,2025-10-01T16:14:20+09:00,2026-08-30T14:28:42+09:00,2025-10-01T16:14:20+09:00,2026-08-30T14:28:42+09:00,"fy-19, V.W.P",https://cdn.shopify.com/s/files/1/0551/7692/1261/files/jkt3_1ed5873d-f83d-49a8-9e5b-d5a88c19fa92.jpg?v=1759463095
9276946579704,【V.W.P】アーティストネームアクリルブロック V.W.P／KAMITSUBAKI FES ’25 OUR ONE-DAY WAR 第二弾,vwp-300-0433,VWP-300-0433,Default Title,2500,2500,False,2025-10-30T17:21:27+09:00,2026-08-30T14:28:42+09:00,2025-10-30T17:21:27+09:00,2026-08-30T14:28:42+09:00,"fy-19, V.W.P",https://cdn.shopify.com/s/files/1/0551/7692/1261/files/vwp_002f93e9-9b06-4303-87b4-b133afa41ab6.jpg?v=1761873193
9266517573880,【V.W.P】ブランケット／THINKR XR CLASSICS presents KAMITSUBAKI FILM CONCERT「神椿演奏会／想像」2026 WINTER,vwp-300-0430,VWP-300-0430,Default Title,4400,4400,False,2025-10-24T20:55:01+09:00,2026-08-30T14:28:42+09:00,2025-10-24T20:55:01+09:00,2026-08-30T14:28:42+09:00,"fy-19, V.W.P",https://cdn.shopify.com/s/files/1/0551/7692/1261/files/blanket_8ffe1eaf-0e46-435b-9146-d92ccdb7bfef.jpg?v=1762180585
9265841668344,【V.W.P】V.W.P BLACK DENIM PANTS 春猿火 model／4th ONE-MAN LIVE「現象Ⅳ -反転運命-」OFFICIAL GOODS 第二弾,vwp-300-0386,VWP-300-0386,M,15000,15000,False,2025-10-24T13:18:13+09:00,2026-08-30T14:28:42+09:00,2025-10-24T13:18:13+09:00,2026-08-30T14:28:42+09:00,"fy-19, V.W.P",https://cdn.shopify.com/s/files/1/0551/7692/1261/files/85e6d20ecdabd4a2bd05807520c9f9e8.jpg?v=1761695017
9265841668344,【V.W.P】V.W.P BLACK DENIM PANTS 春猿火 model／4th ONE-MAN LIVE「現象Ⅳ -反転運命-」OFFICIAL GOODS 第二弾,vwp-300-0386,VWP-300-0387,L,15000,15000,False,2025-10-24T13:18:13+09:00,2026-08-30T14:28:42+09:00,2025-10-24T13:18:13+09:00,2026-08-30T14:28:42+09:00,"fy-19, V.W.P",https://cdn.shopify.com/s/files/1/0551/7692/1261/files/85e6d20ecdabd4a2bd05807520c9f9e8.jpg?v=1761695017
9265841668344,【V.W.P】V.W.P BLACK DENIM PANTS 春猿火 model／4th ONE-MAN LIVE「現象Ⅳ -反転運命-」OFFICIAL GOODS 第二弾,vwp-300-0386,VWP-300-0388,XL,15000,15000,False,2025-10-24T13:18:13+09:00,2026-08-30T14:28:42+09:00,2025-10-24T13:18:13+09:00,2026-08-30T14:28:42+09:00,"fy-19, V.W.P",https://cdn.shopify.com/s/files/1/0551/7692/1261/files/85e6d20ecdabd4a2bd05807520c9f9e8.jpg?v=1761695017
9265842847992,【V.W.P】V.W.P BLACK DENIM PANTS ヰ世界情緒 model／4th ONE-MAN LIVE「現象Ⅳ -反転運命-」OFFICIAL GOODS 第二弾,vwp-300-0389,VWP-300-0389,M,15000,15000,False,2025-10-24T13:20:34+09:00,2026-08-30T14:28:42+09:00,2025-10-24T13:20:33+09:00,2026-08-30T14:28:42+09:00,"fy-19, V.W.P",https://cdn.shopify.com/s/files/1/0551/7692/1261/files/4d1375ffed3e65c14c1c32109d9cfdd5.jpg?v=1761694841
9265842847992,【V.W.P】V.W.P BLACK DENIM PANTS ヰ世界情緒 model／4th ONE-MAN LIVE「現象Ⅳ -反転運命-」OFFICIAL GOODS 第二弾,vwp-300-0389,VWP-300-0390,L,15000,15000,False,2025-10-24T13:20:34+09:00,2026-08-30T14:28:42+09:00,2025-10-24T13:20:33+09:00,2026-08-30T14:28:42+09:00,"fy-19, V.W.P",https://cdn.shopify.com/s/files/1/0551/7692/1261/files/4d1375ffed3e65c14c1c32109d9cfdd5.jpg?v=1761694841
9265842847992,【V.W.P】V.W.P BLACK DENIM PANTS ヰ世界情緒 model／4th ONE-MAN LIVE「現象Ⅳ -反転運命-」OFFICIAL GOODS 第二弾,vwp-300-0389,VWP-300-0391,XL,15000,15000,False,2025-10-24T13:20:34+09:00,2026-08-30T14:28:42+09:00,2025-10-24T13:20:33+09:00,2026-08-30T14:28:42+09:00,"fy-19, V.W.P",https://cdn.shopify.com/s/files/1/0551/7692/1261/files/4d1375ffed3e65c14c1c32109d9cfdd5.jpg?v=1761694841
9266525602040,【V.W.P】ダイカットクリアステッカーセット（全6種）／THINKR XR CLASSICS presents KAMITSUBAKI FILM CONCERT「神椿演奏会／想像」2026 WINTER,vwp-300-0432,VWP-300-0432,Default Title,1000,1000,False,2025-10-24T21:00:25+09:00,2026-08-30T14:28:42+09:00,2025-10-24T21:00:25+09:00,2026-08-30T14:28:42+09:00,"fy-19, V.W.P",https://cdn.shopify.com/s/files/1/0551/7692/1261/files/sticker_2b936e21-ac75-422f-a21e-67c7c6efd16f.jpg?v=1762180538
